region,region_code,departement,arrondissement,ville_canton
Adamaoua,AD,Djerem,Ngaoundal,Beka Gotto
Adamaoua,AD,Djerem,Ngaoundal,Lamidat De Tibati
Adamaoua,AD,Djerem,Ngaoundal,Mbarnang
Adamaoua,AD,Djerem,Ngaoundal,Ngaoundal
Adamaoua,AD,Djerem,Ngaoundal,Ngaoundal Viile
Adamaoua,AD,Djerem,Ngaoundal,Ngaoundal Ville
Adamaoua,AD,Djerem,Tibati,Lamidat De Tibati
Adamaoua,AD,Djerem,Tibati,Meidjamba
Adamaoua,AD,Djerem,Tibati,Tibati Ville
Adamaoua,AD,Faro Et Deo,Galim-tignere,Galim-tignere Ville
Adamaoua,AD,Faro Et Deo,Galim-tignere,Lamidat Galim-tignere
Adamaoua,AD,Faro Et Deo,Galim-tignere,Lamidat Lompta
Adamaoua,AD,Faro Et Deo,Kontcha,Kontcha Ville
Adamaoua,AD,Faro Et Deo,Kontcha,Lamidat Dow Deo
Adamaoua,AD,Faro Et Deo,Kontcha,Lamidat Kontcha
Adamaoua,AD,Faro Et Deo,Mayo-baleo,Lamidat Alme
Adamaoua,AD,Faro Et Deo,Mayo-baleo,Lamidat Gadjiwan
Adamaoua,AD,Faro Et Deo,Mayo-baleo,Lamidat Mayo Baleo
Adamaoua,AD,Faro Et Deo,Mayo-baleo,Ville Mayo Baleo
Adamaoua,AD,Faro Et Deo,Tignere,Lamidat Tignere
Adamaoua,AD,Faro Et Deo,Tignere,Tignere Ville
Adamaoua,AD,Mayo-banyo,Bankim,Atta
Adamaoua,AD,Mayo-banyo,Bankim,Bakim Rural
Adamaoua,AD,Mayo-banyo,Bankim,Bakim Ville
Adamaoua,AD,Mayo-banyo,Bankim,Bandam
Adamaoua,AD,Mayo-banyo,Bankim,Bankim Rural
Adamaoua,AD,Mayo-banyo,Bankim,Canton De Atta
Adamaoua,AD,Mayo-banyo,Bankim,Canton De Nyamboya
Adamaoua,AD,Mayo-banyo,Bankim,Nyamboya
Adamaoua,AD,Mayo-banyo,Bankim,Somie
Adamaoua,AD,Mayo-banyo,Bankim,Songkolong
Adamaoua,AD,Mayo-banyo,Banyo,Lamidat De Banyo
Adamaoua,AD,Mayo-banyo,Banyo,Ville De Banyo
Adamaoua,AD,Mayo-banyo,Mayo-darley,Lamidat De Banyo
Adamaoua,AD,Mayo-banyo,Mayo-darley,Mayo-darle Ville
Adamaoua,AD,Mbere,Dir,Canton De Bagodo
Adamaoua,AD,Mbere,Dir,Canton De Dir
Adamaoua,AD,Mbere,Dir,Canton De Kalaldi
Adamaoua,AD,Mbere,Dir,Dir Ville
Adamaoua,AD,Mbere,Djohong,Djohong
Adamaoua,AD,Mbere,Djohong,Djohong Ville
Adamaoua,AD,Mbere,Djohong,Lamidat De Djohong
Adamaoua,AD,Mbere,Meiganga,Canton De Meiganga
Adamaoua,AD,Mbere,Meiganga,Lamidat De Lokoti
Adamaoua,AD,Mbere,Meiganga,Mboula
Adamaoua,AD,Mbere,Meiganga,Meiganga Ville
Adamaoua,AD,Mbere,Ngaoui,Lamidat De Djohong
Adamaoua,AD,Mbere,Ngaoui,Ngaoui_ville
Adamaoua,AD,Vina,Belel,Belel Ville
Adamaoua,AD,Vina,Belel,Lamidat De Ngaoundere
Adamaoua,AD,Vina,Martap,Lamidat De Ngaoundere
Adamaoua,AD,Vina,Martap,Martap Ville
Adamaoua,AD,Vina,Mbe,Lamidat De Mbe
Adamaoua,AD,Vina,Mbe,Mbe Ville
Adamaoua,AD,Vina,Nganha,Lamidat De Ngaoundere
Adamaoua,AD,Vina,Nganha,Nganha Ville
Adamaoua,AD,Vina,Ngaoundere 1,Lamidat De Ngaoundere
Adamaoua,AD,Vina,Ngaoundere 1,Ngaoundere Ville
Adamaoua,AD,Vina,Ngaoundere 2,Lamidat De Ngaoundere
Adamaoua,AD,Vina,Ngaoundere 2,Ngaoudere 2 Ville
Adamaoua,AD,Vina,Ngaoundere 2,Ngaoundere Ville
Adamaoua,AD,Vina,Ngaoundere 3,Canton De Ngaoundere
Adamaoua,AD,Vina,Ngaoundere 3,Lamidat De Ngaoundere
Adamaoua,AD,Vina,Ngaoundere 3,Ngaoundere Ville
Adamaoua,AD,Vina,Nyambaka,Lamidat De Ngaoundere
Adamaoua,AD,Vina,Nyambaka,Nyambaka Ville
Centre,CE,Haute-sanaga,Bibey,Bibey Rural
Centre,CE,Haute-sanaga,Bibey,Bibey Ville
Centre,CE,Haute-sanaga,Bibey,Metep
Centre,CE,Haute-sanaga,Lembe-yezoum,Lembe Yezoum Ville
Centre,CE,Haute-sanaga,Lembe-yezoum,Lembe-yezoum Rural
Centre,CE,Haute-sanaga,Lembe-yezoum,Lembe-yezoum Ville
Centre,CE,Haute-sanaga,Lembe-yezoum,Simbane
Centre,CE,Haute-sanaga,Lembe-yezoum,Zoa
Centre,CE,Haute-sanaga,Mbandjock,Mbandjock Ville
Centre,CE,Haute-sanaga,Mbandjock,Mekomba
Centre,CE,Haute-sanaga,Mbandjock,Ndjore
Centre,CE,Haute-sanaga,Mbandjock,Ndo
Centre,CE,Haute-sanaga,Minta,Groupement Villages Autonomes
Centre,CE,Haute-sanaga,Minta,Mbargue
Centre,CE,Haute-sanaga,Minta,Minta Rural
Centre,CE,Haute-sanaga,Minta,Minta Ville
Centre,CE,Haute-sanaga,Minta,Nguen
Centre,CE,Haute-sanaga,Minta,Wall
Centre,CE,Haute-sanaga,Nanga-eboko,Biboa
Centre,CE,Haute-sanaga,Nanga-eboko,Bissaga
Centre,CE,Haute-sanaga,Nanga-eboko,Dea
Centre,CE,Haute-sanaga,Nanga-eboko,Emtse
Centre,CE,Haute-sanaga,Nanga-eboko,Ka'a
Centre,CE,Haute-sanaga,Nanga-eboko,Meyosso
Centre,CE,Haute-sanaga,Nanga-eboko,Nanga Eboko Ville
Centre,CE,Haute-sanaga,Nanga-eboko,Ndjombe
Centre,CE,Haute-sanaga,Nanga-eboko,Nguinda
Centre,CE,Haute-sanaga,Nanga-eboko,Okassang I
Centre,CE,Haute-sanaga,Nanga-eboko,Ouassa-bamvele
Centre,CE,Haute-sanaga,Nanga-eboko,Zengoaga (zengba'a)
Centre,CE,Haute-sanaga,Nkoteng,Nkoteng Ville
Centre,CE,Haute-sanaga,Nkoteng,Ouassa-baboute
Centre,CE,Haute-sanaga,Nsem,Mekone 1
Centre,CE,Haute-sanaga,Nsem,Nsem Rural
Centre,CE,Haute-sanaga,Nsem,Nsem Ville
Centre,CE,Lekie,Batchenga,Batchenga-rural
Centre,CE,Lekie,Batchenga,Batchenga-ville
Centre,CE,Lekie,Batchenga,Benyada-sud
Centre,CE,Lekie,Ebebda,Abam
Centre,CE,Lekie,Ebebda,Abam -ngoe
Centre,CE,Lekie,Ebebda,Abam Ngoue
Centre,CE,Lekie,Ebebda,Abam- Ngoe
Centre,CE,Lekie,Ebebda,Abam-ngoe
Centre,CE,Lekie,Ebebda,Benyabega
Centre,CE,Lekie,Ebebda,Benyavega
Centre,CE,Lekie,Ebebda,Ebebda-ville
Centre,CE,Lekie,Ebebda,Nkol Kosse
Centre,CE,Lekie,Ebebda,Nkolkosse
Centre,CE,Lekie,Ebebda,Sa'a
Centre,CE,Lekie,Ebebda,Saa
Centre,CE,Lekie,Ebebda,Yengomba
Centre,CE,Lekie,Elig-mfomo,Elig-mfomo Ville
Centre,CE,Lekie,Elig-mfomo,Essele Rural
Centre,CE,Lekie,Elig-mfomo,Mvog Kani
Centre,CE,Lekie,Elig-mfomo,Mvog-kani
Centre,CE,Lekie,Evodoula,Evodoula Ville
Centre,CE,Lekie,Evodoula,Mvog-onamenye 2 Rural
Centre,CE,Lekie,Evodoula,Ntsas Endo
Centre,CE,Lekie,Lobo,Lobo Ville
Centre,CE,Lekie,Lobo,Mvog-nama 1 Rural
Centre,CE,Lekie,Monatele,Ekot Rural
Centre,CE,Lekie,Monatele,Eyeng Meyong
Centre,CE,Lekie,Monatele,Kougouda
Centre,CE,Lekie,Monatele,Monatele Ville
Centre,CE,Lekie,Monatele,Mvog-onamenye 1
Centre,CE,Lekie,Monatele,Mvog-onamenye 2
Centre,CE,Lekie,Monatele,Nkolkosse
Centre,CE,Lekie,Obala,Benyada Ville
Centre,CE,Lekie,Obala,Edinding
Centre,CE,Lekie,Obala,Efok
Centre,CE,Lekie,Obala,Loua
Centre,CE,Lekie,Obala,Mendoum
Centre,CE,Lekie,Obala,Nkol Edouma
Centre,CE,Lekie,Obala,Nkol-edouma
Centre,CE,Lekie,Obala,Nkolfeb
Centre,CE,Lekie,Obala,Nkolfep
Centre,CE,Lekie,Obala,Obala Rural
Centre,CE,Lekie,Obala,Obala Ville
Centre,CE,Lekie,Okola,Eton Beti
Centre,CE,Lekie,Okola,Mvog-nama 2
Centre,CE,Lekie,Okola,Mvog-namnye 2
Centre,CE,Lekie,Okola,Mvog-namnye 3
Centre,CE,Lekie,Okola,Okola Ville
Centre,CE,Lekie,Sa'a,Abamzib
Centre,CE,Lekie,Sa'a,Ebamzib
Centre,CE,Lekie,Sa'a,Ebombo
Centre,CE,Lekie,Sa'a,Engab
Centre,CE,Lekie,Sa'a,Engap
Centre,CE,Lekie,Sa'a,Kouna Odjolo
Centre,CE,Lekie,Sa'a,Lebamzig
Centre,CE,Lekie,Sa'a,Lebamzip
Centre,CE,Lekie,Sa'a,Nkokbogo
Centre,CE,Lekie,Sa'a,Nkol-mvak
Centre,CE,Lekie,Sa'a,Nkolbodo
Centre,CE,Lekie,Sa'a,Nkolbogo
Centre,CE,Lekie,Sa'a,Sa'a Rural
Centre,CE,Lekie,Sa'a,Sa'a Ville
Centre,CE,Mbam Et Inoubou,Bafia,Bafia Ville
Centre,CE,Mbam Et Inoubou,Bafia,Koro
Centre,CE,Mbam Et Inoubou,Bokito,Elip
Centre,CE,Mbam Et Inoubou,Bokito,Gounou Sud
Centre,CE,Mbam Et Inoubou,Bokito,Lemande
Centre,CE,Mbam Et Inoubou,Bokito,Mmala
Centre,CE,Mbam Et Inoubou,Bokito,Village Autonome
Centre,CE,Mbam Et Inoubou,Bokito,Yangben
Centre,CE,Mbam Et Inoubou,Deuk,Balom 1
Centre,CE,Mbam Et Inoubou,Deuk,Balom 2
Centre,CE,Mbam Et Inoubou,Deuk,Ville De Deuk
Centre,CE,Mbam Et Inoubou,Kiiki,Gouife
Centre,CE,Mbam Et Inoubou,Kiiki,Kiiki Ville
Centre,CE,Mbam Et Inoubou,Kiiki,Nkokoe
Centre,CE,Mbam Et Inoubou,Kon-yambeta,Bape
Centre,CE,Mbam Et Inoubou,Kon-yambeta,Kon Yambetta Ville
Centre,CE,Mbam Et Inoubou,Kon-yambeta,Yambetta Rural
Centre,CE,Mbam Et Inoubou,Makenene,Makenene Rural
Centre,CE,Mbam Et Inoubou,Makenene,Makenene Ville
Centre,CE,Mbam Et Inoubou,Ndikinimeki,Etoundou
Centre,CE,Mbam Et Inoubou,Ndikinimeki,Inoubou Nord
Centre,CE,Mbam Et Inoubou,Ndikinimeki,Inoubou Sud
Centre,CE,Mbam Et Inoubou,Ndikinimeki,Ndikinimeki Ville
Centre,CE,Mbam Et Inoubou,Ndikinimeki,Ndikoko
Centre,CE,Mbam Et Inoubou,Nitoukou,Nitoukou Rural
Centre,CE,Mbam Et Inoubou,Nitoukou,Nitoukou Ville
Centre,CE,Mbam Et Inoubou,Ombessa,Bouraka ( Village Autonome)
Centre,CE,Mbam Et Inoubou,Ombessa,Bouraka (village Autonome)
Centre,CE,Mbam Et Inoubou,Ombessa,Bouraka(village Autonome)
Centre,CE,Mbam Et Inoubou,Ombessa,Gounou Nord
Centre,CE,Mbam Et Inoubou,Ombessa,Ombessa
Centre,CE,Mbam Et Inoubou,Ombessa,Ville D'ombessa
Centre,CE,Mbam Et Kim,Mbangassina,Bondjo
Centre,CE,Mbam Et Kim,Mbangassina,Kombe
Centre,CE,Mbam Et Kim,Mbangassina,Mbangassina Ville
Centre,CE,Mbam Et Kim,Mbangassina,Tsinga
Centre,CE,Mbam Et Kim,Mbangassina,Village Autonome
Centre,CE,Mbam Et Kim,Ngambe-tikar,Ngambe-tikar Rural
Centre,CE,Mbam Et Kim,Ngambe-tikar,Ngambe-tikar Ville
Centre,CE,Mbam Et Kim,Ngoro,Ngoro Ville
Centre,CE,Mbam Et Kim,Ngoro,Sanaga Ndjantis Et Assimiles Rural
Centre,CE,Mbam Et Kim,Ntui,Batschenga
Centre,CE,Mbam Et Kim,Ntui,Baveuck
Centre,CE,Mbam Et Kim,Ntui,Beveuck
Centre,CE,Mbam Et Kim,Ntui,Mvele
Centre,CE,Mbam Et Kim,Ntui,Nguila
Centre,CE,Mbam Et Kim,Ntui,Ntui Ville
Centre,CE,Mbam Et Kim,Yoko,Linte
Centre,CE,Mbam Et Kim,Yoko,Yoko Ville
Centre,CE,Mefou Et Afamba,Afanloum,Afanloum Ville
Centre,CE,Mefou Et Afamba,Afanloum,Assamba
Centre,CE,Mefou Et Afamba,Assamba,Assamba Ville
Centre,CE,Mefou Et Afamba,Assamba,Edouma
Centre,CE,Mefou Et Afamba,Awae,Atamanga
Centre,CE,Mefou Et Afamba,Awae,Atemanga
Centre,CE,Mefou Et Afamba,Awae,Atemenga
Centre,CE,Mefou Et Afamba,Awae,Avamaga
Centre,CE,Mefou Et Afamba,Awae,Avamanga
Centre,CE,Mefou Et Afamba,Awae,Awae
Centre,CE,Mefou Et Afamba,Awae,Evamanga
Centre,CE,Mefou Et Afamba,Awae,Mikom
Centre,CE,Mefou Et Afamba,Awae,Minkom
Centre,CE,Mefou Et Afamba,Awae,Yemesonmo
Centre,CE,Mefou Et Afamba,Awae,Yemessomo
Centre,CE,Mefou Et Afamba,Edzendouan,Edzendouan Ville
Centre,CE,Mefou Et Afamba,Edzendouan,Yendobo
Centre,CE,Mefou Et Afamba,Esse,Bekoua
Centre,CE,Mefou Et Afamba,Esse,Esse Ville
Centre,CE,Mefou Et Afamba,Esse,Mvog Nana
Centre,CE,Mefou Et Afamba,Esse,Mvog Nana
Centre,CE,Mefou Et Afamba,Esse,Nvog Nana
Centre,CE,Mefou Et Afamba,Esse,Ville D'esse
Centre,CE,Mefou Et Afamba,Esse,Yelbarack
Centre,CE,Mefou Et Afamba,Esse,Yembarack
Centre,CE,Mefou Et Afamba,Esse,Yembarak
Centre,CE,Mefou Et Afamba,Esse,Yemberack
Centre,CE,Mefou Et Afamba,Esse,Yembouni
Centre,CE,Mefou Et Afamba,Esse,Yetoulou
Centre,CE,Mefou Et Afamba,Mfou,Bene
Centre,CE,Mefou Et Afamba,Mfou,Mfou Ville
Centre,CE,Mefou Et Afamba,Mfou,Mvog Amougou 1
Centre,CE,Mefou Et Afamba,Mfou,Mvog Amougou 2
Centre,CE,Mefou Et Afamba,Mfou,Mvog Amougou 3
Centre,CE,Mefou Et Afamba,Mfou,Mvog Nnomo
Centre,CE,Mefou Et Afamba,Mfou,Mvog Owondzouli
Centre,CE,Mefou Et Afamba,Mfou,Mvog Zambo
Centre,CE,Mefou Et Afamba,Mfou,Ndi Bene
Centre,CE,Mefou Et Afamba,Nkolofamba,Evondo
Centre,CE,Mefou Et Afamba,Nkolofamba,Mvog Manga 1
Centre,CE,Mefou Et Afamba,Nkolofamba,Mvog Manga 2
Centre,CE,Mefou Et Afamba,Nkolofamba,Nkolafamba Ville
Centre,CE,Mefou Et Afamba,Nkolofamba,Tsinga
Centre,CE,Mefou Et Afamba,Soa,Ebang
Centre,CE,Mefou Et Afamba,Soa,Mbende
Centre,CE,Mefou Et Afamba,Soa,Ngali
Centre,CE,Mefou Et Afamba,Soa,Ntouessong
Centre,CE,Mefou Et Afamba,Soa,Ntuouesson
Centre,CE,Mefou Et Afamba,Soa,Soa Ville
Centre,CE,Mefou Et Akono,Akono,Akono Ville
Centre,CE,Mefou Et Akono,Akono,Elega
Centre,CE,Mefou Et Akono,Akono,Fouda Balla
Centre,CE,Mefou Et Akono,Akono,Fouda Mballa
Centre,CE,Mefou Et Akono,Akono,Mfida
Centre,CE,Mefou Et Akono,Akono,Tsoungui Balla
Centre,CE,Mefou Et Akono,Akono,Tsoungui Mballa
Centre,CE,Mefou Et Akono,Bikok,Bikok Ville
Centre,CE,Mefou Et Akono,Bikok,Bikop
Centre,CE,Mefou Et Akono,Bikok,Evindissi
Centre,CE,Mefou Et Akono,Bikok,Meyila
Centre,CE,Mefou Et Akono,Bikok,Nyomo
Centre,CE,Mefou Et Akono,Bikok,Oman
Centre,CE,Mefou Et Akono,Mbankomo,Mbankomo Ville
Centre,CE,Mefou Et Akono,Mbankomo,Mvog Fouda Mballa
Centre,CE,Mefou Et Akono,Mbankomo,Mvog Tsoung Mballa 1
Centre,CE,Mefou Et Akono,Mbankomo,Mvog Tsoung Mballa 2
Centre,CE,Mefou Et Akono,Mbankomo,Mvog Tsoung Mballa 3
Centre,CE,Mefou Et Akono,Mbankomo,Mvog Tsung Mballa
Centre,CE,Mefou Et Akono,Mbankomo,Mvog Tsung Mballa 1
Centre,CE,Mefou Et Akono,Mbankomo,Nama Ndobe
Centre,CE,Mefou Et Akono,Mbankomo,Nama Ndobo
Centre,CE,Mefou Et Akono,Mbankomo,Nama Nkodo
Centre,CE,Mefou Et Akono,Ngoumou,Etenga
Centre,CE,Mefou Et Akono,Ngoumou,Mvog Tsoungui Mballa
Centre,CE,Mefou Et Akono,Ngoumou,Ngoumou Ville
Centre,CE,Mefou Et Akono,Ngoumou,Nkong Abok
Centre,CE,Mefou Et Akono,Ngoumou,Nkong Meyos
Centre,CE,Mefou Et Akono,Ngoumou,Nkong-zok
Centre,CE,Mefou Et Akono,Ngoumou,Otele
Centre,CE,Mfoundi,Yaounde 1,Yaounde Ville
Centre,CE,Mfoundi,Yaounde 2,Yaounde Ville
Centre,CE,Mfoundi,Yaounde 3,Yaounde Ville
Centre,CE,Mfoundi,Yaounde 4,Yaounde Ville
Centre,CE,Mfoundi,Yaounde 5,Yaounde Ville
Centre,CE,Mfoundi,Yaounde 6,Yaounde Ville
Centre,CE,Mfoundi,Yaounde 7,Yaounde Ville
Centre,CE,Nyong Et Kelle,Biyouha,Ndog Bessoul Rural
Centre,CE,Nyong Et Kelle,Biyouha,Ville De Biyouha
Centre,CE,Nyong Et Kelle,Bondjock,Bondjock Rural
Centre,CE,Nyong Et Kelle,Bondjock,Bondjock Ville
Centre,CE,Nyong Et Kelle,Bot-makak,Bot Makak Rural
Centre,CE,Nyong Et Kelle,Bot-makak,Bot Makak Ville
Centre,CE,Nyong Et Kelle,Bot-makak,Mbembe Et Loumbe
Centre,CE,Nyong Et Kelle,Bot-makak,Ndog Batjeck
Centre,CE,Nyong Et Kelle,Bot-makak,Ndog-batjeck
Centre,CE,Nyong Et Kelle,Dibang,Dibang Ville
Centre,CE,Nyong Et Kelle,Dibang,Ndog Njee
Centre,CE,Nyong Et Kelle,Dibang,Ndog Njee 2
Centre,CE,Nyong Et Kelle,Eseka,Eseka Ville
Centre,CE,Nyong Et Kelle,Eseka,Ndog Njee I
Centre,CE,Nyong Et Kelle,Eseka,Ndog Njee 1
Centre,CE,Nyong Et Kelle,Eseka,Ndog Njee I
Centre,CE,Nyong Et Kelle,Eseka,Ndog Njeei
Centre,CE,Nyong Et Kelle,Eseka,Ndog Tjock
Centre,CE,Nyong Et Kelle,Makak,Liyegue Est
Centre,CE,Nyong Et Kelle,Makak,Longue
Centre,CE,Nyong Et Kelle,Makak,Makak Ville
Centre,CE,Nyong Et Kelle,Makak,Ndog Bea Sud
Centre,CE,Nyong Et Kelle,Matomb,Matomb Ville
Centre,CE,Nyong Et Kelle,Matomb,Ndod Send
Centre,CE,Nyong Et Kelle,Matomb,Ndog Send
Centre,CE,Nyong Et Kelle,Messondo,Kelle Ndongond
Centre,CE,Nyong Et Kelle,Messondo,Mbengue
Centre,CE,Nyong Et Kelle,Messondo,Messondo Ville
Centre,CE,Nyong Et Kelle,Messondo,Ndog Bessol
Centre,CE,Nyong Et Kelle,Messondo,Yabi
Centre,CE,Nyong Et Kelle,Ngog-mapupi,Ngog Mapubi Ville
Centre,CE,Nyong Et Kelle,Ngog-mapupi,Pougue Djouel
Centre,CE,Nyong Et Kelle,Nguibassal,Mbembe Et Loumbe
Centre,CE,Nyong Et Kelle,Nguibassal,Ndog Batjeck
Centre,CE,Nyong Et Kelle,Nguibassal,Ndog Suga
Centre,CE,Nyong Et Kelle,Nguibassal,Nguibassal Ville
Centre,CE,Nyong Et Mfoumou,Akonolinga,Akonolinga Ville
Centre,CE,Nyong Et Mfoumou,Akonolinga,Akoua Mvog Nyengue
Centre,CE,Nyong Et Mfoumou,Akonolinga,Mgog Nyengue
Centre,CE,Nyong Et Mfoumou,Akonolinga,Mvog Nyengue
Centre,CE,Nyong Et Mfoumou,Akonolinga,Nvog Nyengue
Centre,CE,Nyong Et Mfoumou,Akonolinga,Sso Centre
Centre,CE,Nyong Et Mfoumou,Akonolinga,Sso Est
Centre,CE,Nyong Et Mfoumou,Akonolinga,Yebekolo Nord
Centre,CE,Nyong Et Mfoumou,Akonolinga,Yelinda
Centre,CE,Nyong Et Mfoumou,Akonolinga,Yembama
Centre,CE,Nyong Et Mfoumou,Akonolinga,Yengono
Centre,CE,Nyong Et Mfoumou,Ayos,Ayos Ville
Centre,CE,Nyong Et Mfoumou,Ayos,Omvang
Centre,CE,Nyong Et Mfoumou,Ayos,Yebekolo Est
Centre,CE,Nyong Et Mfoumou,Endom,Endom Ville
Centre,CE,Nyong Et Mfoumou,Endom,Essakom
Centre,CE,Nyong Et Mfoumou,Endom,Essankom
Centre,CE,Nyong Et Mfoumou,Endom,Maka Sud
Centre,CE,Nyong Et Mfoumou,Endom,Mbida-mbani
Centre,CE,Nyong Et Mfoumou,Mengang,Mengang Ville
Centre,CE,Nyong Et Mfoumou,Mengang,Yembama
Centre,CE,Nyong Et Mfoumou,Mengang,Yengono
Centre,CE,Nyong Et Mfoumou,Nyakokombo,Maka Nord
Centre,CE,Nyong Et Mfoumou,Nyakokombo,Nyakokombo Ville
Centre,CE,Nyong Et Mfoumou,Nyakokombo,Yebekolo Nord-est 1
Centre,CE,Nyong Et Mfoumou,Nyakokombo,Yebekolo Nord-est 2
Centre,CE,Nyong Et Mfoumou,Nyakokombo,Yebekolo-est
Centre,CE,Nyong Et So'o,Akoeman,Akoeman Ville
Centre,CE,Nyong Et So'o,Akoeman,Bane Sud 1
Centre,CE,Nyong Et So'o,Akoeman,Bane Sud 2
Centre,CE,Nyong Et So'o,Dzeng,Dzeng Ville
Centre,CE,Nyong Et So'o,Dzeng,Mbida Mbani Centre
Centre,CE,Nyong Et So'o,Dzeng,Mbida Mbani Nord
Centre,CE,Nyong Et So'o,Dzeng,Mbida Mbani Sud
Centre,CE,Nyong Et So'o,Mbalmayo,Bene Centre
Centre,CE,Nyong Et So'o,Mbalmayo,Bene Nord
Centre,CE,Nyong Et So'o,Mbalmayo,Mbalmayo Ville
Centre,CE,Nyong Et So'o,Mengueme,Bane Ouest
Centre,CE,Nyong Et So'o,Mengueme,Bane Sud
Centre,CE,Nyong Et So'o,Mengueme,Enoa Et Ngoa
Centre,CE,Nyong Et So'o,Mengueme,Enoa Et Ngoe
Centre,CE,Nyong Et So'o,Mengueme,Mengueme Ville
Centre,CE,Nyong Et So'o,Ngomedzap,Etoudi
Centre,CE,Nyong Et So'o,Ngomedzap,Mvog Atangana Mballa
Centre,CE,Nyong Et So'o,Ngomedzap,Mvog Essomba Ndana
Centre,CE,Nyong Et So'o,Ngomedzap,Mvog Fouda Mballa
Centre,CE,Nyong Et So'o,Ngomedzap,Ngomedzap Ville
Centre,CE,Nyong Et So'o,Ngomedzap,Village Autonome (tsinga)
Centre,CE,Nyong Et So'o,Nkolmetet,Bene Nord-est
Centre,CE,Nyong Et So'o,Nkolmetet,Bene Sud-est
Centre,CE,Nyong Et So'o,Nkolmetet,Ville De Nkolmetet
Est,ES,Boumba Et Ngoko,Gari-gombo,Gari Gombo Ville
Est,ES,Boumba Et Ngoko,Gari-gombo,Mbimou
Est,ES,Boumba Et Ngoko,Gari-gombo,Yanghere
Est,ES,Boumba Et Ngoko,Moloundou,Bangando
Est,ES,Boumba Et Ngoko,Moloundou,Djako
Est,ES,Boumba Et Ngoko,Moloundou,Djako-essel
Est,ES,Boumba Et Ngoko,Moloundou,Mouloudou Ville
Est,ES,Boumba Et Ngoko,Moloundou,Ville De Moloundou
Est,ES,Boumba Et Ngoko,Salapoumbe,Bangando
Est,ES,Boumba Et Ngoko,Salapoumbe,Mbomam
Est,ES,Boumba Et Ngoko,Salapoumbe,Mboman
Est,ES,Boumba Et Ngoko,Salapoumbe,Salapoumbe Ville
Est,ES,Boumba Et Ngoko,Yokadouma,Bangue
Est,ES,Boumba Et Ngoko,Yokadouma,Bidjouki
Est,ES,Boumba Et Ngoko,Yokadouma,Kanabembe
Est,ES,Boumba Et Ngoko,Yokadouma,Konabembe
Est,ES,Boumba Et Ngoko,Yokadouma,Mpou Mpon
Est,ES,Boumba Et Ngoko,Yokadouma,Mpou Mpong
Est,ES,Boumba Et Ngoko,Yokadouma,Mpou-mpong
Est,ES,Boumba Et Ngoko,Yokadouma,Yokadouma Ville
Est,ES,Haut-nyong,Abong-mbang,Abong-mbang Ville
Est,ES,Haut-nyong,Abong-mbang,Bebenb
Est,ES,Haut-nyong,Abong-mbang,Bebend
Est,ES,Haut-nyong,Bebeng,Bebend Ville
Est,ES,Haut-nyong,Bebeng,Maka Bebend
Est,ES,Haut-nyong,Dimako,Bakoum
Est,ES,Haut-nyong,Dimako,Dimako Ville
Est,ES,Haut-nyong,Dja,Badjoue
Est,ES,Haut-nyong,Dja,Dadjoue
Est,ES,Haut-nyong,Dja,Djem
Est,ES,Haut-nyong,Doumaintang,Doumaintang Ville
Est,ES,Haut-nyong,Doumaintang,Maka Mbouanz
Est,ES,Haut-nyong,Doumaintang,Omvang Sekonda
Est,ES,Haut-nyong,Doume,Bakoum Doume
Est,ES,Haut-nyong,Doume,Doume Ville
Est,ES,Haut-nyong,Doume,Maka Mboanz
Est,ES,Haut-nyong,Doume,Maka Mboanz Route
Est,ES,Haut-nyong,Lomie,Djem Centre
Est,ES,Haut-nyong,Lomie,Lomie Ville
Est,ES,Haut-nyong,Lomie,Nzime Centre
Est,ES,Haut-nyong,Lomie,Nzime Est
Est,ES,Haut-nyong,Lomie,Nzime Mord
Est,ES,Haut-nyong,Lomie,Nzime Nord
Est,ES,Haut-nyong,Lomie,Nzime-centre
Est,ES,Haut-nyong,Lomie,Nzime-est
Est,ES,Haut-nyong,Lomie,Nzime-nord
Est,ES,Haut-nyong,Mboanz,Maka Mboanz
Est,ES,Haut-nyong,Mboanz,Mboanz Ville
Est,ES,Haut-nyong,Mboma,Ayong Yerap
Est,ES,Haut-nyong,Mboma,Mboma Ville
Est,ES,Haut-nyong,Messamena,Badjoue
Est,ES,Haut-nyong,Messamena,Badjoue Nord
Est,ES,Haut-nyong,Messamena,Bikele Nord
Est,ES,Haut-nyong,Messamena,Leh Mpoo
Est,ES,Haut-nyong,Messamena,Messamena Ville
Est,ES,Haut-nyong,Messok,Djem
Est,ES,Haut-nyong,Messok,Messok Ville
Est,ES,Haut-nyong,Messok,Ndjimou Du Sud
Est,ES,Haut-nyong,Ngoyla,Djem Mie Nord
Est,ES,Haut-nyong,Ngoyla,Djem Mie Sud
Est,ES,Haut-nyong,Ngoyla,Mballam Ii Alati
Est,ES,Haut-nyong,Ngoyla,Ngoyla Sud
Est,ES,Haut-nyong,Ngoyla,Ngoyla Ville
Est,ES,Haut-nyong,Nguelmendouga,Ebessep
Est,ES,Haut-nyong,Nguelmendouga,Nguelemendouka Ville
Est,ES,Haut-nyong,Nguelmendouga,Omvang Ngomeya
Est,ES,Haut-nyong,Nguelmendouga,Omvang Seconda
Est,ES,Haut-nyong,Somalomo,Badjoue Nord
Est,ES,Haut-nyong,Somalomo,Dja
Est,ES,Haut-nyong,Somalomo,Leh Et Mpoo
Est,ES,Haut-nyong,Somalomo,Leh Mpoo
Est,ES,Haut-nyong,Somalomo,Somalomo Ville
Est,ES,Kadey,Batouri,Batouri Ville
Est,ES,Kadey,Batouri,Kako Mbondjo'o
Est,ES,Kadey,Batouri,Kako Ngbwako
Est,ES,Kadey,Bombe,Bombe Ville
Est,ES,Kadey,Bombe,Kentzou Rural
Est,ES,Kadey,Kette,Gbaya Est
Est,ES,Kadey,Kette,Gbaya Est
Est,ES,Kadey,Kette,Gbaya-est
Est,ES,Kadey,Kette,Kette
Est,ES,Kadey,Kette,Kette Ville
Est,ES,Kadey,Mbang,Bagantou
Est,ES,Kadey,Mbang,Bangantou
Est,ES,Kadey,Mbang,Boly Lossou
Est,ES,Kadey,Mbang,Gbwei Mbopalo
Est,ES,Kadey,Mbang,Mbang
Est,ES,Kadey,Mbang,Mbang Ville
Est,ES,Kadey,Mbang,Mezima
Est,ES,Kadey,Mbang,Mezime
Est,ES,Kadey,Mbang,Molobo
Est,ES,Kadey,Mbotoro,Gbaya Est
Est,ES,Kadey,Mbotoro,Mbotoro Ville
Est,ES,Kadey,Ndelele,Kako Bera
Est,ES,Kadey,Ndelele,Kako Mbessem*
Est,ES,Kadey,Ndelele,Kako Mbessembo
Est,ES,Kadey,Ndelele,Ndelele Ville
Est,ES,Kadey,Ndelele,Ville De Ndelele
Est,ES,Kadey,Ndem-nam,Borong
Est,ES,Kadey,Ndem-nam,Mbonguendi
Est,ES,Kadey,Ndem-nam,Nguelebok Ville
Est,ES,Lom Et Djerem,Belabo,Adiah
Est,ES,Lom Et Djerem,Belabo,Akok-mekel I
Est,ES,Lom Et Djerem,Belabo,Akok-mekel Ii_11
Est,ES,Lom Et Djerem,Belabo,Awakan
Est,ES,Lom Et Djerem,Belabo,Belabo Village - Mvounde
Est,ES,Lom Et Djerem,Belabo,Bikibon
Est,ES,Lom Et Djerem,Belabo,Bitami
Est,ES,Lom Et Djerem,Belabo,Bloc 1
Est,ES,Lom Et Djerem,Belabo,Bloc 2
Est,ES,Lom Et Djerem,Belabo,Bloc 3
Est,ES,Lom Et Djerem,Belabo,Bloc I
Est,ES,Lom Et Djerem,Belabo,Bloc Ii
Est,ES,Lom Et Djerem,Belabo,Bloc Iii
Est,ES,Lom Et Djerem,Belabo,Bloc Iv
Est,ES,Lom Et Djerem,Belabo,Bombi
Est,ES,Lom Et Djerem,Belabo,Bowowo
Est,ES,Lom Et Djerem,Belabo,Cambocassi - Manidjong
Est,ES,Lom Et Djerem,Belabo,Camp Colboss
Est,ES,Lom Et Djerem,Belabo,Deng-deng Manjou
Est,ES,Lom Et Djerem,Belabo,Deux Cent
Est,ES,Lom Et Djerem,Belabo,Dibam
Est,ES,Lom Et Djerem,Belabo,Dimon
Est,ES,Lom Et Djerem,Belabo,Djangane
Est,ES,Lom Et Djerem,Belabo,Djesse Djangane 2
Est,ES,Lom Et Djerem,Belabo,Dondi
Est,ES,Lom Et Djerem,Belabo,Dondi Inter - Kila
Est,ES,Lom Et Djerem,Belabo,Ebaka Ii
Est,ES,Lom Et Djerem,Belabo,Ekombitie
Est,ES,Lom Et Djerem,Belabo,Elobi
Est,ES,Lom Et Djerem,Belabo,Essamiem
Est,ES,Lom Et Djerem,Belabo,Essandjane
Est,ES,Lom Et Djerem,Belabo,Gbadanga
Est,ES,Lom Et Djerem,Belabo,Goyoum Village
Est,ES,Lom Et Djerem,Belabo,Grand-village
Est,ES,Lom Et Djerem,Belabo,Haman
Est,ES,Lom Et Djerem,Belabo,Hameau
Est,ES,Lom Et Djerem,Belabo,Haoussa
Est,ES,Lom Et Djerem,Belabo,Hona
Est,ES,Lom Et Djerem,Belabo,Kalbe
Est,ES,Lom Et Djerem,Belabo,Koundi Centre
Est,ES,Lom Et Djerem,Belabo,Koundi Inter- Petit Koundi
Est,ES,Lom Et Djerem,Belabo,Lom 2
Est,ES,Lom Et Djerem,Belabo,Londia
Est,ES,Lom Et Djerem,Belabo,Mambaya
Est,ES,Lom Et Djerem,Belabo,Mansa
Est,ES,Lom Et Djerem,Belabo,Mbaki 1
Est,ES,Lom Et Djerem,Belabo,Mbaki 2
Est,ES,Lom Et Djerem,Belabo,Mbaki Village
Est,ES,Lom Et Djerem,Belabo,Mbambassi
Est,ES,Lom Et Djerem,Belabo,Mbambo
Est,ES,Lom Et Djerem,Belabo,Mbea
Est,ES,Lom Et Djerem,Belabo,Mbethen 1
Est,ES,Lom Et Djerem,Belabo,Mbethen 2
Est,ES,Lom Et Djerem,Belabo,Mekel Ii
Est,ES,Lom Et Djerem,Belabo,Mongo-seng
Est,ES,Lom Et Djerem,Belabo,Ndemba 1
Est,ES,Lom Et Djerem,Belabo,Ndjong Melen
Est,ES,Lom Et Djerem,Belabo,Ndjonmeleng
Est,ES,Lom Et Djerem,Belabo,Ndoumba-kanga 1
Est,ES,Lom Et Djerem,Belabo,Ndoumba-kanga Centre
Est,ES,Lom Et Djerem,Belabo,Ndoumba-kanga Rail
Est,ES,Lom Et Djerem,Belabo,Ngoulemakong
Est,ES,Lom Et Djerem,Belabo,Nkolo
Est,ES,Lom Et Djerem,Belabo,Nlongkack
Est,ES,Lom Et Djerem,Belabo,Ouami
Est,ES,Lom Et Djerem,Belabo,Oyack
Est,ES,Lom Et Djerem,Belabo,Pouthey
Est,ES,Lom Et Djerem,Belabo,Sakoudi
Est,ES,Lom Et Djerem,Belabo,Satando
Est,ES,Lom Et Djerem,Belabo,Sikondi
Est,ES,Lom Et Djerem,Belabo,Tamtseck
Est,ES,Lom Et Djerem,Belabo,Woutchaba
Est,ES,Lom Et Djerem,Belabo,Yambeng
Est,ES,Lom Et Djerem,Belabo,Yamboe
Est,ES,Lom Et Djerem,Belabo,Yanda-bobilis
Est,ES,Lom Et Djerem,Belabo,Yebi Tournant
Est,ES,Lom Et Djerem,Belabo,Yoko-betougou
Est,ES,Lom Et Djerem,Bertoua 1,Bertoua
Est,ES,Lom Et Djerem,Bertoua 1,Bertoua Ville
Est,ES,Lom Et Djerem,Bertoua 2,Bertoua
Est,ES,Lom Et Djerem,Bertoua 2,Bertoua Ville
Est,ES,Lom Et Djerem,Bertoua 2,Gbaya
Est,ES,Lom Et Djerem,Betare-oya,Lai
Est,ES,Lom Et Djerem,Betare-oya,Laï
Est,ES,Lom Et Djerem,Betare-oya,M'bitom
Est,ES,Lom Et Djerem,Betare-oya,Mbitom
Est,ES,Lom Et Djerem,Betare-oya,Ville De Bétaré-oya
Est,ES,Lom Et Djerem,Betare-oya,Yayoue
Est,ES,Lom Et Djerem,Diang,Bamvele
Est,ES,Lom Et Djerem,Diang,Bobolis Ii
Est,ES,Lom Et Djerem,Diang,Diang Ville
Est,ES,Lom Et Djerem,Diang,Maka Du Nord
Est,ES,Lom Et Djerem,Garoua-boulay,Badan (gbaya-doka)
Est,ES,Lom Et Djerem,Garoua-boulay,Garoua Boulai Ville
Est,ES,Lom Et Djerem,Garoua-boulay,Garoua-boula
Est,ES,Lom Et Djerem,Garoua-boulay,Gbaya Doka (bindiba)
Est,ES,Lom Et Djerem,Garoua-boulay,Ville De Garoua-boula
Est,ES,Lom Et Djerem,Mandjou,Gbaya Rural
Est,ES,Lom Et Djerem,Mandjou,Mandjou Ville
Est,ES,Lom Et Djerem,Ngoura,Bodomo
Est,ES,Lom Et Djerem,Ngoura,Gbanguiba
Est,ES,Lom Et Djerem,Ngoura,Gbanguinba
Est,ES,Lom Et Djerem,Ngoura,Gbanguinda
Est,ES,Lom Et Djerem,Ngoura,Gbaya-bodomo
Est,ES,Lom Et Djerem,Ngoura,Ngoura Ville
Extreme-Nord,EN,Diamare,Bogo,Bagalaf
Extreme-Nord,EN,Diamare,Bogo,Balda
Extreme-Nord,EN,Diamare,Bogo,Bogo Nord
Extreme-Nord,EN,Diamare,Bogo,Bogo Sud
Extreme-Nord,EN,Diamare,Bogo,Bogo Ville
Extreme-Nord,EN,Diamare,Bogo,Djiddel
Extreme-Nord,EN,Diamare,Bogo,Giuinglaye
Extreme-Nord,EN,Diamare,Bogo,Guinglaye
Extreme-Nord,EN,Diamare,Bogo,Madaka
Extreme-Nord,EN,Diamare,Bogo,Mororo
Extreme-Nord,EN,Diamare,Bogo,Saoudjo
Extreme-Nord,EN,Diamare,Bogo,Sedek
Extreme-Nord,EN,Diamare,Bogo,Tankirou
Extreme-Nord,EN,Diamare,Bogo,Wouro Messere
Extreme-Nord,EN,Diamare,Dargala,Dambaye
Extreme-Nord,EN,Diamare,Dargala,Dargala Rural
Extreme-Nord,EN,Diamare,Dargala,Dargala Ville
Extreme-Nord,EN,Diamare,Dargala,Kaheo
Extreme-Nord,EN,Diamare,Dargala,Wouro Zangui
Extreme-Nord,EN,Diamare,Dargala,Yoldeo
Extreme-Nord,EN,Diamare,Gazawa,Gazawa Rural
Extreme-Nord,EN,Diamare,Gazawa,Gazawa Ville
Extreme-Nord,EN,Diamare,Maroua 1,Dakar
Extreme-Nord,EN,Diamare,Maroua 1,Kaoutal
Extreme-Nord,EN,Diamare,Maroua 1,Katoual
Extreme-Nord,EN,Diamare,Maroua 1,Maroua Ville
Extreme-Nord,EN,Diamare,Maroua 1,Meskine
Extreme-Nord,EN,Diamare,Maroua 1,Salak
Extreme-Nord,EN,Diamare,Maroua 2,Dogba
Extreme-Nord,EN,Diamare,Maroua 2,Gayak
Extreme-Nord,EN,Diamare,Maroua 2,Kossewa
Extreme-Nord,EN,Diamare,Maroua 2,Maroua Ville
Extreme-Nord,EN,Diamare,Maroua 2,Papata
Extreme-Nord,EN,Diamare,Maroua 3,Balaza Alkali
Extreme-Nord,EN,Diamare,Maroua 3,Balaza Lawane
Extreme-Nord,EN,Diamare,Maroua 3,Djoul Gouf
Extreme-Nord,EN,Diamare,Maroua 3,Kodek
Extreme-Nord,EN,Diamare,Maroua 3,Kongola Djiddeo
Extreme-Nord,EN,Diamare,Maroua 3,Kongola Djiddéo
Extreme-Nord,EN,Diamare,Maroua 3,Kongola Djolao
Extreme-Nord,EN,Diamare,Maroua 3,Kongola Said
Extreme-Nord,EN,Diamare,Maroua 3,Maroua Ville
Extreme-Nord,EN,Diamare,Meri,Doulek
Extreme-Nord,EN,Diamare,Meri,Douroum
Extreme-Nord,EN,Diamare,Meri,Douvangar
Extreme-Nord,EN,Diamare,Meri,Godola
Extreme-Nord,EN,Diamare,Meri,Kalliao
Extreme-Nord,EN,Diamare,Meri,Manbang
Extreme-Nord,EN,Diamare,Meri,Mbozo
Extreme-Nord,EN,Diamare,Meri,Meri Rural
Extreme-Nord,EN,Diamare,Meri,Meri Ville
Extreme-Nord,EN,Diamare,Meri,Ouazzang
Extreme-Nord,EN,Diamare,Meri,Tchere
Extreme-Nord,EN,Diamare,Ndoukouloa,Gawel
Extreme-Nord,EN,Diamare,Ndoukouloa,Kola
Extreme-Nord,EN,Diamare,Ndoukouloa,Ndoukoula Rural
Extreme-Nord,EN,Diamare,Ndoukouloa,Ndoukoula Ville
Extreme-Nord,EN,Diamare,Ndoukouloa,Ouzal-loulou
Extreme-Nord,EN,Diamare,Ndoukouloa,Zongoya
Extreme-Nord,EN,Diamare,Pette,Fadare
Extreme-Nord,EN,Diamare,Pette,Malam Petel
Extreme-Nord,EN,Diamare,Pette,Pette Rural
Extreme-Nord,EN,Diamare,Pette,Pette Ville
Extreme-Nord,EN,Logone Et Chari,Blangoua,Blangoua Ville
Extreme-Nord,EN,Logone Et Chari,Blangoua,Sultanat De Goulfey
Extreme-Nord,EN,Logone Et Chari,Darak,Darak Rural
Extreme-Nord,EN,Logone Et Chari,Darak,Darak Ville
Extreme-Nord,EN,Logone Et Chari,Fotokol,Aboudangala
Extreme-Nord,EN,Logone Et Chari,Fotokol,Amchilga
Extreme-Nord,EN,Logone Et Chari,Fotokol,Fokokol Ville
Extreme-Nord,EN,Logone Et Chari,Fotokol,Kokio
Extreme-Nord,EN,Logone Et Chari,Fotokol,Makari
Extreme-Nord,EN,Logone Et Chari,Fotokol,Makary
Extreme-Nord,EN,Logone Et Chari,Fotokol,Warou 1
Extreme-Nord,EN,Logone Et Chari,Fotokol,Warou 2
Extreme-Nord,EN,Logone Et Chari,Fotokol,Woromari
Extreme-Nord,EN,Logone Et Chari,Goulfey,Amdane
Extreme-Nord,EN,Logone Et Chari,Goulfey,Amfara
Extreme-Nord,EN,Logone Et Chari,Goulfey,Goulfey Ville
Extreme-Nord,EN,Logone Et Chari,Goulfey,Nadji
Extreme-Nord,EN,Logone Et Chari,Goulfey,Nimia
Extreme-Nord,EN,Logone Et Chari,Goulfey,Sultanat De Goulfey
Extreme-Nord,EN,Logone Et Chari,Goulfey,Takoulwebé
Extreme-Nord,EN,Logone Et Chari,Hile-halifa,Hile-alifa Rural
Extreme-Nord,EN,Logone Et Chari,Hile-halifa,Hile-halifa Ville
Extreme-Nord,EN,Logone Et Chari,Kousseri,Amchedir
Extreme-Nord,EN,Logone Et Chari,Kousseri,Guebala
Extreme-Nord,EN,Logone Et Chari,Kousseri,Kousseri Ville
Extreme-Nord,EN,Logone Et Chari,Logone-birni,El Birke
Extreme-Nord,EN,Logone Et Chari,Logone-birni,Hinale
Extreme-Nord,EN,Logone Et Chari,Logone-birni,Kala Kafra
Extreme-Nord,EN,Logone Et Chari,Logone-birni,Kala-kafra
Extreme-Nord,EN,Logone Et Chari,Logone-birni,Logone Birni Ville
Extreme-Nord,EN,Logone Et Chari,Logone-birni,Madiako
Extreme-Nord,EN,Logone Et Chari,Logone-birni,Madioko
Extreme-Nord,EN,Logone Et Chari,Makary,Aboudangala
Extreme-Nord,EN,Logone Et Chari,Makary,Afade
Extreme-Nord,EN,Logone Et Chari,Makary,Amchilda
Extreme-Nord,EN,Logone Et Chari,Makary,Amchilga
Extreme-Nord,EN,Logone Et Chari,Makary,Bodo
Extreme-Nord,EN,Logone Et Chari,Makary,D'aboukouss-kawalme
Extreme-Nord,EN,Logone Et Chari,Makary,Gueillala
Extreme-Nord,EN,Logone Et Chari,Makary,Hedre
Extreme-Nord,EN,Logone Et Chari,Makary,Kokio
Extreme-Nord,EN,Logone Et Chari,Makary,Makari Ville
Extreme-Nord,EN,Logone Et Chari,Makary,Naïra
Extreme-Nord,EN,Logone Et Chari,Makary,Ngardougoum
Extreme-Nord,EN,Logone Et Chari,Makary,Ngaïwa
Extreme-Nord,EN,Logone Et Chari,Makary,Sagme
Extreme-Nord,EN,Logone Et Chari,Makary,Sultanat De Makari
Extreme-Nord,EN,Logone Et Chari,Makary,Warou 1 Kawalme
Extreme-Nord,EN,Logone Et Chari,Makary,Warou 2
Extreme-Nord,EN,Logone Et Chari,Makary,Woulky
Extreme-Nord,EN,Logone Et Chari,Waza,Ngame
Extreme-Nord,EN,Logone Et Chari,Waza,Waza Rural
Extreme-Nord,EN,Logone Et Chari,Waza,Waza Ville
Extreme-Nord,EN,Logone Et Chari,Zina,Lahai
Extreme-Nord,EN,Logone Et Chari,Zina,Mazera
Extreme-Nord,EN,Logone Et Chari,Zina,Ngodeni
Extreme-Nord,EN,Logone Et Chari,Zina,Zina Ville
Extreme-Nord,EN,Mayo-danay,Datcheka,Datcheka Ville
Extreme-Nord,EN,Mayo-danay,Datcheka,Doukoula
Extreme-Nord,EN,Mayo-danay,Gobo,Bougoudoum
Extreme-Nord,EN,Mayo-danay,Gobo,Gobo Ville
Extreme-Nord,EN,Mayo-danay,Gobo,Moussey
Extreme-Nord,EN,Mayo-danay,Guere,Bangana/ Saavoussou
Extreme-Nord,EN,Mayo-danay,Guere,Guere Ville
Extreme-Nord,EN,Mayo-danay,Guere,Guibi
Extreme-Nord,EN,Mayo-danay,Guere,Guisaye
Extreme-Nord,EN,Mayo-danay,Kaikai,Guirvidig
Extreme-Nord,EN,Mayo-danay,Kaikai,Pouss
Extreme-Nord,EN,Mayo-danay,Kaikai,Ville De Kai Kai
Extreme-Nord,EN,Mayo-danay,Kalfou,Kalfou Rural
Extreme-Nord,EN,Mayo-danay,Kalfou,Ville De Kalfou
Extreme-Nord,EN,Mayo-danay,Karhay,Doukoula Rural
Extreme-Nord,EN,Mayo-danay,Karhay,Ville De Doukoula
Extreme-Nord,EN,Mayo-danay,Maga,Guidiguis
Extreme-Nord,EN,Mayo-danay,Maga,Guirvidig
Extreme-Nord,EN,Mayo-danay,Maga,Maga Ville
Extreme-Nord,EN,Mayo-danay,Maga,Pouss
Extreme-Nord,EN,Mayo-danay,Tchatibaly,Tchatibali Rural
Extreme-Nord,EN,Mayo-danay,Tchatibaly,Tchatibali Ville
Extreme-Nord,EN,Mayo-danay,Vele,Vele Ville/ Gueme
Extreme-Nord,EN,Mayo-danay,Vele,Yagoua Vele
Extreme-Nord,EN,Mayo-danay,Wina,Wina Rural
Extreme-Nord,EN,Mayo-danay,Wina,Wina Ville
Extreme-Nord,EN,Mayo-danay,Yagoua,Yagoua Rural
Extreme-Nord,EN,Mayo-danay,Yagoua,Yagoua Ville
Extreme-Nord,EN,Mayo-kani,Guidiguis,Doubane
Extreme-Nord,EN,Mayo-kani,Guidiguis,Gudiguis Rural
Extreme-Nord,EN,Mayo-kani,Guidiguis,Guidiguis Rural
Extreme-Nord,EN,Mayo-kani,Guidiguis,Guidiguis Ville
Extreme-Nord,EN,Mayo-kani,Kaele,Boboyo
Extreme-Nord,EN,Mayo-kani,Kaele,Doumrou
Extreme-Nord,EN,Mayo-kani,Kaele,Dourmou
Extreme-Nord,EN,Mayo-kani,Kaele,Kaele Rural
Extreme-Nord,EN,Mayo-kani,Kaele,Kaele Ville
Extreme-Nord,EN,Mayo-kani,Kaele,Lara
Extreme-Nord,EN,Mayo-kani,Kaele,Midjivin
Extreme-Nord,EN,Mayo-kani,Mindif,Djappai
Extreme-Nord,EN,Mayo-kani,Mindif,Loubour
Extreme-Nord,EN,Mayo-kani,Mindif,Matfai
Extreme-Nord,EN,Mayo-kani,Mindif,Mindif Rural
Extreme-Nord,EN,Mayo-kani,Mindif,Mindif Ville
Extreme-Nord,EN,Mayo-kani,Mindif,Mogom
Extreme-Nord,EN,Mayo-kani,Mindif,Yakang
Extreme-Nord,EN,Mayo-kani,Moulvoudaye,Daram
Extreme-Nord,EN,Mayo-kani,Moulvoudaye,Goudoum-goudoum
Extreme-Nord,EN,Mayo-kani,Moulvoudaye,Horlong
Extreme-Nord,EN,Mayo-kani,Moulvoudaye,Kadaye
Extreme-Nord,EN,Mayo-kani,Moulvoudaye,Kobbo
Extreme-Nord,EN,Mayo-kani,Moulvoudaye,Kolara
Extreme-Nord,EN,Mayo-kani,Moulvoudaye,Korre
Extreme-Nord,EN,Mayo-kani,Moulvoudaye,Moulvoudaye Rural
Extreme-Nord,EN,Mayo-kani,Moulvoudaye,Moulvoudaye Ville
Extreme-Nord,EN,Mayo-kani,Moutourwa,Moutourwa Rural
Extreme-Nord,EN,Mayo-kani,Moutourwa,Moutourwa Ville
Extreme-Nord,EN,Mayo-kani,Porhi,Bizili
Extreme-Nord,EN,Mayo-kani,Porhi,Porhi Ville
Extreme-Nord,EN,Mayo-kani,Porhi,Touloum
Extreme-Nord,EN,Mayo-kani,Taibong,Barlang
Extreme-Nord,EN,Mayo-kani,Taibong,Danhou
Extreme-Nord,EN,Mayo-kani,Taibong,Domba
Extreme-Nord,EN,Mayo-kani,Taibong,Dongrosse Balane
Extreme-Nord,EN,Mayo-kani,Taibong,Dziguilao
Extreme-Nord,EN,Mayo-kani,Taibong,Dziguilao Ville
Extreme-Nord,EN,Mayo-kani,Taibong,Golonghini
Extreme-Nord,EN,Mayo-kani,Taibong,Goundaye
Extreme-Nord,EN,Mayo-kani,Taibong,Goundaye Mapore
Extreme-Nord,EN,Mayo-kani,Taibong,Mbrondong
Extreme-Nord,EN,Mayo-kani,Taibong,Soueye
Extreme-Nord,EN,Mayo-sava,Kolofata,Alagarino Doungous
Extreme-Nord,EN,Mayo-sava,Kolofata,Amchide
Extreme-Nord,EN,Mayo-sava,Kolofata,Gadero Kaffi
Extreme-Nord,EN,Mayo-sava,Kolofata,Gance
Extreme-Nord,EN,Mayo-sava,Kolofata,Grea
Extreme-Nord,EN,Mayo-sava,Kolofata,Kerawa
Extreme-Nord,EN,Mayo-sava,Kolofata,Kerewa
Extreme-Nord,EN,Mayo-sava,Kolofata,Kolofata Rural
Extreme-Nord,EN,Mayo-sava,Kolofata,Kolofata Ville
Extreme-Nord,EN,Mayo-sava,Kolofata,Kouyape
Extreme-Nord,EN,Mayo-sava,Kolofata,Lelede
Extreme-Nord,EN,Mayo-sava,Kolofata,Ndaba
Extreme-Nord,EN,Mayo-sava,Mora,Baldama
Extreme-Nord,EN,Mayo-sava,Mora,Bounderi
Extreme-Nord,EN,Mayo-sava,Mora,Djounde
Extreme-Nord,EN,Mayo-sava,Mora,Doulo
Extreme-Nord,EN,Mayo-sava,Mora,Kossa
Extreme-Nord,EN,Mayo-sava,Mora,Kourgui
Extreme-Nord,EN,Mayo-sava,Mora,Limani
Extreme-Nord,EN,Mayo-sava,Mora,Magdeme
Extreme-Nord,EN,Mayo-sava,Mora,Meme
Extreme-Nord,EN,Mayo-sava,Mora,Mora
Extreme-Nord,EN,Mayo-sava,Mora,Mora Massif
Extreme-Nord,EN,Mayo-sava,Mora,Mora Ville
Extreme-Nord,EN,Mayo-sava,Mora,Podoko Centre
Extreme-Nord,EN,Mayo-sava,Mora,Podoko Nord
Extreme-Nord,EN,Mayo-sava,Mora,Podoko Sud
Extreme-Nord,EN,Mayo-sava,Mora,Sultana De Wandala
Extreme-Nord,EN,Mayo-sava,Mora,Warba
Extreme-Nord,EN,Mayo-sava,Mora,Zouelva
Extreme-Nord,EN,Mayo-sava,Tokombere,Mada
Extreme-Nord,EN,Mayo-sava,Tokombere,Makalingaye
Extreme-Nord,EN,Mayo-sava,Tokombere,Mouyengue
Extreme-Nord,EN,Mayo-sava,Tokombere,Ouldeme
Extreme-Nord,EN,Mayo-sava,Tokombere,Palbara
Extreme-Nord,EN,Mayo-sava,Tokombere,Palpara
Extreme-Nord,EN,Mayo-sava,Tokombere,Serawa
Extreme-Nord,EN,Mayo-sava,Tokombere,Serewa
Extreme-Nord,EN,Mayo-sava,Tokombere,Tokombere Ville
Extreme-Nord,EN,Mayo-tsanaga,Bourrha,Bourrha Rural
Extreme-Nord,EN,Mayo-tsanaga,Bourrha,Bourrha Ville
Extreme-Nord,EN,Mayo-tsanaga,Bourrha,Guili
Extreme-Nord,EN,Mayo-tsanaga,Bourrha,Tchevi
Extreme-Nord,EN,Mayo-tsanaga,Bourrha,Tchrvi
Extreme-Nord,EN,Mayo-tsanaga,Hina,Gamdougoum
Extreme-Nord,EN,Mayo-tsanaga,Hina,Hina Rural
Extreme-Nord,EN,Mayo-tsanaga,Hina,Hina Ville
Extreme-Nord,EN,Mayo-tsanaga,Koza,Gaboua
Extreme-Nord,EN,Mayo-tsanaga,Koza,Koza Rural
Extreme-Nord,EN,Mayo-tsanaga,Koza,Koza Ville
Extreme-Nord,EN,Mayo-tsanaga,Mayo-moskota,Moskota
Extreme-Nord,EN,Mayo-tsanaga,Mayo-moskota,Mozogo Rural
Extreme-Nord,EN,Mayo-tsanaga,Mayo-moskota,Mozogo Ville
Extreme-Nord,EN,Mayo-tsanaga,Mogode,Mogode Rural
Extreme-Nord,EN,Mayo-tsanaga,Mogode,Mogode Ville
Extreme-Nord,EN,Mayo-tsanaga,Mokolo,Boula
Extreme-Nord,EN,Mayo-tsanaga,Mokolo,Gawar
Extreme-Nord,EN,Mayo-tsanaga,Mokolo,Matakam
Extreme-Nord,EN,Mayo-tsanaga,Mokolo,Matakam Sud
Extreme-Nord,EN,Mayo-tsanaga,Mokolo,Mokolo Rural
Extreme-Nord,EN,Mayo-tsanaga,Mokolo,Mokolo Ville
Extreme-Nord,EN,Mayo-tsanaga,Mokolo,Mokong
Extreme-Nord,EN,Mayo-tsanaga,Mokolo,Moufou
Extreme-Nord,EN,Mayo-tsanaga,Mokolo,Zamai
Extreme-Nord,EN,Mayo-tsanaga,Soulede-roua,Matakam Sud
Extreme-Nord,EN,Mayo-tsanaga,Soulede-roua,Roua Ville
Extreme-Nord,EN,Mayo-tsanaga,Soulede-roua,Soulede
Extreme-Nord,EN,Mayo-tsanaga,Soulede-roua,Soulede Ville
Littoral,LT,Moungo,Bare-bakem,Bakem
Littoral,LT,Moungo,Bare-bakem,Bareko
Littoral,LT,Moungo,Bare-bakem,Bare_bakem Ville
Littoral,LT,Moungo,Dibombari,Bakoko
Littoral,LT,Moungo,Dibombari,Bekoko
Littoral,LT,Moungo,Dibombari,Bomono
Littoral,LT,Moungo,Dibombari,Dibombari_ville
Littoral,LT,Moungo,Dibombari,Pongo
Littoral,LT,Moungo,Fiko,Abo_nord
Littoral,LT,Moungo,Fiko,Abo_sud
Littoral,LT,Moungo,Fiko,Fiko_ville
Littoral,LT,Moungo,Loum,Babong
Littoral,LT,Moungo,Loum,Bokeng_penja
Littoral,LT,Moungo,Loum,Loum_ville
Littoral,LT,Moungo,Manjo,Manehas
Littoral,LT,Moungo,Manjo,Manjo_ville
Littoral,LT,Moungo,Manjo,Mouamenam
Littoral,LT,Moungo,Mbanga,Balong
Littoral,LT,Moungo,Mbanga,Mbanga_ville
Littoral,LT,Moungo,Melong,Elong
Littoral,LT,Moungo,Melong,Mbo
Littoral,LT,Moungo,Melong,Melong _ville
Littoral,LT,Moungo,Melong,Melong_ville
Littoral,LT,Moungo,Mombo,Balong
Littoral,LT,Moungo,Mombo,Mombo_ville
Littoral,LT,Moungo,Njombe-penja,Bonkeng-penja
Littoral,LT,Moungo,Njombe-penja,Bonkeng_penja
Littoral,LT,Moungo,Njombe-penja,Njombe_ville
Littoral,LT,Moungo,Njombe-penja,Penja_ville
Littoral,LT,Moungo,Nkongsamba 1,Baneka
Littoral,LT,Moungo,Nkongsamba 1,Nkongsamba_ville
Littoral,LT,Moungo,Nkongsamba 2,Baneeka
Littoral,LT,Moungo,Nkongsamba 2,Nkongsamba_ville
Littoral,LT,Moungo,Nkongsamba 3,Nkongsamba_ville
Littoral,LT,Moungo,Nlonako,Bakaka
Littoral,LT,Moungo,Nlonako,Balongo
Littoral,LT,Moungo,Nlonako,Ebone_rural
Littoral,LT,Moungo,Nlonako,Nlonako_ville
Littoral,LT,Nkam,Nkondjock,Bandem_rive Gauche
Littoral,LT,Nkam,Nkondjock,Mbang
Littoral,LT,Nkam,Nkondjock,Nkondjock_ville
Littoral,LT,Nkam,Nord-makombe,Bakwa
Littoral,LT,Nkam,Nord-makombe,Dibom
Littoral,LT,Nkam,Nord-makombe,Moya
Littoral,LT,Nkam,Nord-makombe,Nord_makombe_ville
Littoral,LT,Nkam,Yabassi,Badjop_ndogpenda
Littoral,LT,Nkam,Yabassi,Bandem_rive Droite
Littoral,LT,Nkam,Yabassi,Bodiman
Littoral,LT,Nkam,Yabassi,Dibeng_ndogbele
Littoral,LT,Nkam,Yabassi,Nyamtan
Littoral,LT,Nkam,Yabassi,Wouri Bossua
Littoral,LT,Nkam,Yabassi,Wouri_bossua
Littoral,LT,Nkam,Yabassi,Wouri_bwele
Littoral,LT,Nkam,Yabassi,Yabassi_centre
Littoral,LT,Nkam,Yabassi,Yabassi_ville
Littoral,LT,Nkam,Yingui,Log_nanga
Littoral,LT,Nkam,Yingui,Ndokbiakat
Littoral,LT,Nkam,Yingui,Yingui_rural
Littoral,LT,Nkam,Yingui,Yingui_ville
Littoral,LT,Sanaga-maritime,Dibamba,Dibamba_ville
Littoral,LT,Sanaga-maritime,Dibamba,Longasse
Littoral,LT,Sanaga-maritime,Dizangue,Dizangue_ville
Littoral,LT,Sanaga-maritime,Dizangue,Ndonga
Littoral,LT,Sanaga-maritime,Dizangue,Yakalag
Littoral,LT,Sanaga-maritime,Edea 1,Adie
Littoral,LT,Sanaga-maritime,Edea 1,Edea_ville
Littoral,LT,Sanaga-maritime,Edea 1,Yassoukou
Littoral,LT,Sanaga-maritime,Edea 2,Edea_ville
Littoral,LT,Sanaga-maritime,Edea 2,Longasse
Littoral,LT,Sanaga-maritime,Edea 2,Malimba
Littoral,LT,Sanaga-maritime,Edea 2,Ndogbianga
Littoral,LT,Sanaga-maritime,Massok-song Loulou,Babimbi 2
Littoral,LT,Sanaga-maritime,Massok-song Loulou,Log_kat
Littoral,LT,Sanaga-maritime,Massok-song Loulou,Ndog_mbog
Littoral,LT,Sanaga-maritime,Massok-song Loulou,Ville De Massock
Littoral,LT,Sanaga-maritime,Mouanko,Malimba Ocean
Littoral,LT,Sanaga-maritime,Mouanko,Malimba_ocean
Littoral,LT,Sanaga-maritime,Mouanko,Mouanko_ville
Littoral,LT,Sanaga-maritime,Mouanko,Yakalag
Littoral,LT,Sanaga-maritime,Ndom,Babimbi 3
Littoral,LT,Sanaga-maritime,Ndom,Likound_biam
Littoral,LT,Sanaga-maritime,Ndom,Ndom_ville
Littoral,LT,Sanaga-maritime,Ndom,Omeng
Littoral,LT,Sanaga-maritime,Ngambe,Ndogmakumag
Littoral,LT,Sanaga-maritime,Ngambe,Ndomakoumag
Littoral,LT,Sanaga-maritime,Ngambe,Ndongmakoumag
Littoral,LT,Sanaga-maritime,Ngambe,Ndongmakumag
Littoral,LT,Sanaga-maritime,Ngambe,Ngambe_ville
Littoral,LT,Sanaga-maritime,Ngwei,Bassa Etouha
Littoral,LT,Sanaga-maritime,Ngwei,Bassa_etouha
Littoral,LT,Sanaga-maritime,Ngwei,Ngweï_ville
Littoral,LT,Sanaga-maritime,Ngwei,Yabi-ndog-bessol
Littoral,LT,Sanaga-maritime,Ngwei,Yabi_dog Bessol
Littoral,LT,Sanaga-maritime,Nyanon,Bati
Littoral,LT,Sanaga-maritime,Nyanon,Bisso
Littoral,LT,Sanaga-maritime,Nyanon,Nyanon_ville
Littoral,LT,Sanaga-maritime,Nyanon,Rive Gauche De Djeul
Littoral,LT,Sanaga-maritime,Nyanon,Rive Gauche De Djuel
Littoral,LT,Sanaga-maritime,Nyanon,Rive_gauche De Djuel
Littoral,LT,Sanaga-maritime,Pouma,Bikok
Littoral,LT,Sanaga-maritime,Pouma,Mpouma_ville
Littoral,LT,Wouri,Douala 1,Douala
Littoral,LT,Wouri,Douala 2,Douala
Littoral,LT,Wouri,Douala 3,Douala
Littoral,LT,Wouri,Douala 4,Douala
Littoral,LT,Wouri,Douala 5,Douala
Littoral,LT,Wouri,Douala 6,Douala
Nord,NO,Benoue,Bascheo,Bascheo
Nord,NO,Benoue,Bascheo,Basheo
Nord,NO,Benoue,Bascheo,Lamiadat De Bascheo
Nord,NO,Benoue,Bascheo,Lamidat De Bacsheo
Nord,NO,Benoue,Bascheo,Lamidat De Bascheo
Nord,NO,Benoue,Bascheo,Lamidat De Demsa
Nord,NO,Benoue,Bascheo,Lamidat De Garoua
Nord,NO,Benoue,Bascheo,Lamidat De Garoua M
Nord,NO,Benoue,Bibemi,Bibemi
Nord,NO,Benoue,Bibemi,Lamidar De Bibemi
Nord,NO,Benoue,Bibemi,Lamidat Bibemi
Nord,NO,Benoue,Bibemi,Lamidat De Bibemi
Nord,NO,Benoue,Bibemi,Lamidat De Bibemi
Nord,NO,Benoue,Dembo,Dembo
Nord,NO,Benoue,Dembo,Dembo Centre
Nord,NO,Benoue,Dembo,Lamidat De Dembo
Nord,NO,Benoue,Dembo,Lamidat De Demsa
Nord,NO,Benoue,Demsa,Demsa
Nord,NO,Benoue,Demsa,Gaschiga
Nord,NO,Benoue,Demsa,Lamida De Demsa
Nord,NO,Benoue,Demsa,Lamidat De Demsa
Nord,NO,Benoue,Demsa,Lamidat De Demsa
Nord,NO,Benoue,Demsa,Ville De Demsa
Nord,NO,Benoue,Demsa,Ville De Demsa
Nord,NO,Benoue,Demsa,Ville Demsa
Nord,NO,Benoue,Garoua 1,Garoua
Nord,NO,Benoue,Garoua 2,Garoua
Nord,NO,Benoue,Garoua 2,Garoua2
Nord,NO,Benoue,Garoua 2,Ville Da Garoua
Nord,NO,Benoue,Garoua 2,Ville De Garoua
Nord,NO,Benoue,Garoua 3,Garoua
Nord,NO,Benoue,Lagdo,Ville De Lagdo
Nord,NO,Benoue,Mayo-hourna,Barndake Ville
Nord,NO,Benoue,Mayo-hourna,Lamidat Demsa
Nord,NO,Benoue,Mayo-hourna,Lamidat Garoua
Nord,NO,Benoue,Mayo-hourna,Ville De Garoua
Nord,NO,Benoue,Pitoa,Groupement Kangou
Nord,NO,Benoue,Pitoa,Groupement Tingling
Nord,NO,Benoue,Pitoa,Groupement Tingling (fali)
Nord,NO,Benoue,Pitoa,Lamidat De Be
Nord,NO,Benoue,Pitoa,Lamidat De Garoua
Nord,NO,Benoue,Pitoa,Pitoa Ville
Nord,NO,Benoue,Tcheboa,Lamidat Tcheboa
Nord,NO,Benoue,Tcheboa,Lamidat Tcheboa
Nord,NO,Benoue,Tcheboa,Tcheboa
Nord,NO,Benoue,Tcheboa,Tcheboa Ville (ngong)
Nord,NO,Benoue,Touroua,Lamidat De Touroua
Nord,NO,Benoue,Touroua,Touroua
Nord,NO,Faro,Beka,Beka Ville
Nord,NO,Faro,Beka,Lamidat De Beka
Nord,NO,Faro,Beka,Lamidat De Tchamba
Nord,NO,Faro,Beka,Lamidat De Wangai
Nord,NO,Faro,Poli,Boumba
Nord,NO,Faro,Poli,Djoumte
Nord,NO,Faro,Poli,Gode Gare (gode)
Nord,NO,Faro,Poli,Hoy
Nord,NO,Faro,Poli,Kongle
Nord,NO,Faro,Poli,Lamidat Mana
Nord,NO,Faro,Poli,Lamidat Mango
Nord,NO,Faro,Poli,Lamidat De Poli
Nord,NO,Faro,Poli,Lamidat De Voko
Nord,NO,Faro,Poli,Lamidat Tchamba
Nord,NO,Faro,Poli,Mayo Bantadje
Nord,NO,Faro,Poli,Ninga Manga
Nord,NO,Faro,Poli,Pintchoumba
Nord,NO,Faro,Poli,Poli Ville
Nord,NO,Faro,Poli,Tete
Nord,NO,Faro,Poli,Zone Tampon De Ridina
Nord,NO,Mayo-louti,Figuil,Bidzar I
Nord,NO,Mayo-louti,Figuil,Bidzar Ii
Nord,NO,Mayo-louti,Figuil,Biou
Nord,NO,Mayo-louti,Figuil,Figuil Ville
Nord,NO,Mayo-louti,Figuil,Lamidat Figuil
Nord,NO,Mayo-louti,Figuil,Lamidat Lam
Nord,NO,Mayo-louti,Figuil,Lara
Nord,NO,Mayo-louti,Figuil,Lawanat De Biou
Nord,NO,Mayo-louti,Figuil,Lawanat De Golomo
Nord,NO,Mayo-louti,Figuil,Lawanat De Guérémé Lam
Nord,NO,Mayo-louti,Figuil,Lawanat De Mazanga
Nord,NO,Mayo-louti,Figuil,Lawanat De Mokete
Nord,NO,Mayo-louti,Figuil,Lawanat De Moré Sin
Nord,NO,Mayo-louti,Figuil,Lawanat De Ngorowa
Nord,NO,Mayo-louti,Figuil,Lawanat Gada Mayo
Nord,NO,Mayo-louti,Figuil,Lawanat Hindjaoudé
Nord,NO,Mayo-louti,Figuil,Lawanat Lawanat De Gada Mayo
Nord,NO,Mayo-louti,Figuil,Ville De Figuil
Nord,NO,Mayo-louti,Guider,Douroum
Nord,NO,Mayo-louti,Guider,Golombe
Nord,NO,Mayo-louti,Guider,Guider
Nord,NO,Mayo-louti,Guider,Guider Ville
Nord,NO,Mayo-louti,Guider,Lamidat De Libe
Nord,NO,Mayo-louti,Guider,Lamidat Guider
Nord,NO,Mayo-louti,Guider,Mayo Loue
Nord,NO,Mayo-louti,Guider,Mousgoy
Nord,NO,Mayo-louti,Mayo-oulo,Dazal
Nord,NO,Mayo-louti,Mayo-oulo,Doumo
Nord,NO,Mayo-louti,Mayo-oulo,Groupement Daba
Nord,NO,Mayo-louti,Mayo-oulo,Guirviza
Nord,NO,Mayo-louti,Mayo-oulo,Lamidat Mayo Oulo
Nord,NO,Mayo-louti,Mayo-oulo,Mayo Oulo Ville
Nord,NO,Mayo-louti,Mayo-oulo,Peske Bori
Nord,NO,Mayo-rey,Madingring,Lamidat Rey Bouba
Nord,NO,Mayo-rey,Madingring,Madingring Ville
Nord,NO,Mayo-rey,Rey-bouba,Lamidat Rey Bouba
Nord,NO,Mayo-rey,Rey-bouba,Rey Bouba Ville
Nord,NO,Mayo-rey,Tcholire,Lamidat Rey-bouba
Nord,NO,Mayo-rey,Tcholire,Tchollire Ville
Nord,NO,Mayo-rey,Touboro,Lamidat Rey Bouba
Nord,NO,Mayo-rey,Touboro,Touboro Ville
Nord-Ouest,NW,Boyo,Belo,Belo
Nord-Ouest,NW,Boyo,Belo,Belo Town
Nord-Ouest,NW,Boyo,Belo,Kom
Nord-Ouest,NW,Boyo,Belo,Mbessa
Nord-Ouest,NW,Boyo,Bum,Bum Rural
Nord-Ouest,NW,Boyo,Bum,Bum Town
Nord-Ouest,NW,Boyo,Fundong,Abuh
Nord-Ouest,NW,Boyo,Fundong,Fundong Town
Nord-Ouest,NW,Boyo,Fundong,Kom
Nord-Ouest,NW,Boyo,Njinikom,Kom
Nord-Ouest,NW,Boyo,Njinikom,Njinikom Town
Nord-Ouest,NW,Bui,Jakiri,Jakiri Town
Nord-Ouest,NW,Bui,Jakiri,Nso
Nord-Ouest,NW,Bui,Jakiri,Oku
Nord-Ouest,NW,Bui,Kumbo,Kumbo
Nord-Ouest,NW,Bui,Kumbo,Kumbo Town
Nord-Ouest,NW,Bui,Mbven,Mbiame Town
Nord-Ouest,NW,Bui,Mbven,Nso
Nord-Ouest,NW,Bui,Nkum,Nkum Town
Nord-Ouest,NW,Bui,Nkum,Nso
Nord-Ouest,NW,Bui,Noni,Noni Rural
Nord-Ouest,NW,Bui,Noni,Noni Town
Nord-Ouest,NW,Bui,Oku,Oku
Nord-Ouest,NW,Bui,Oku,Oku Rural
Nord-Ouest,NW,Bui,Oku,Oku Town
Nord-Ouest,NW,Donga-mantung,Ako,Abafum
Nord-Ouest,NW,Donga-mantung,Ako,Ako
Nord-Ouest,NW,Donga-mantung,Ako,Ako Rural
Nord-Ouest,NW,Donga-mantung,Ako,Ako Town
Nord-Ouest,NW,Donga-mantung,Misaje,1
Nord-Ouest,NW,Donga-mantung,Misaje,Akweto
Nord-Ouest,NW,Donga-mantung,Misaje,Bebe Jator
Nord-Ouest,NW,Donga-mantung,Misaje,Bebekette
Nord-Ouest,NW,Donga-mantung,Misaje,Dumbu
Nord-Ouest,NW,Donga-mantung,Misaje,Kibbo
Nord-Ouest,NW,Donga-mantung,Misaje,Kwei
Nord-Ouest,NW,Donga-mantung,Misaje,Misaje
Nord-Ouest,NW,Donga-mantung,Misaje,Misaje Rural
Nord-Ouest,NW,Donga-mantung,Misaje,Misaje Town
Nord-Ouest,NW,Donga-mantung,Misaje,Nfume
Nord-Ouest,NW,Donga-mantung,Misaje,Nkanchi
Nord-Ouest,NW,Donga-mantung,Ndu,Ndu Town
Nord-Ouest,NW,Donga-mantung,Ndu,Tang
Nord-Ouest,NW,Donga-mantung,Ndu,Warr
Nord-Ouest,NW,Donga-mantung,Ndu,Wiya
Nord-Ouest,NW,Donga-mantung,Nkambe,Bih
Nord-Ouest,NW,Donga-mantung,Nkambe,Binjeng
Nord-Ouest,NW,Donga-mantung,Nkambe,Binka
Nord-Ouest,NW,Donga-mantung,Nkambe,Binshua
Nord-Ouest,NW,Donga-mantung,Nkambe,Bongom
Nord-Ouest,NW,Donga-mantung,Nkambe,Chup
Nord-Ouest,NW,Donga-mantung,Nkambe,Konchep
Nord-Ouest,NW,Donga-mantung,Nkambe,Kungi
Nord-Ouest,NW,Donga-mantung,Nkambe,Kup
Nord-Ouest,NW,Donga-mantung,Nkambe,Mamba Down
Nord-Ouest,NW,Donga-mantung,Nkambe,Mapti
Nord-Ouest,NW,Donga-mantung,Nkambe,Mbaa
Nord-Ouest,NW,Donga-mantung,Nkambe,Mbere
Nord-Ouest,NW,Donga-mantung,Nkambe,Nchah
Nord-Ouest,NW,Donga-mantung,Nkambe,Ngie
Nord-Ouest,NW,Donga-mantung,Nkambe,Njap
Nord-Ouest,NW,Donga-mantung,Nkambe,Njilah
Nord-Ouest,NW,Donga-mantung,Nkambe,Nkambe Central
Nord-Ouest,NW,Donga-mantung,Nkambe,Nkambe Town
Nord-Ouest,NW,Donga-mantung,Nkambe,Ntungap
Nord-Ouest,NW,Donga-mantung,Nkambe,Nwangri
Nord-Ouest,NW,Donga-mantung,Nkambe,Nwangri/mbe-jah
Nord-Ouest,NW,Donga-mantung,Nkambe,Remi
Nord-Ouest,NW,Donga-mantung,Nkambe,Saah
Nord-Ouest,NW,Donga-mantung,Nkambe,Sankfu
Nord-Ouest,NW,Donga-mantung,Nkambe,School Area
Nord-Ouest,NW,Donga-mantung,Nkambe,Station Binju
Nord-Ouest,NW,Donga-mantung,Nkambe,Tabenken
Nord-Ouest,NW,Donga-mantung,Nkambe,Warr
Nord-Ouest,NW,Donga-mantung,Nkambe,Wat
Nord-Ouest,NW,Donga-mantung,Nwa,Mbaw
Nord-Ouest,NW,Donga-mantung,Nwa,Mfumte
Nord-Ouest,NW,Donga-mantung,Nwa,Mulip
Nord-Ouest,NW,Donga-mantung,Nwa,Nwa
Nord-Ouest,NW,Donga-mantung,Nwa,Yamba
Nord-Ouest,NW,Menchum,Fungom,Fungom Rural
Nord-Ouest,NW,Menchum,Fungom,Fungom Town
Nord-Ouest,NW,Menchum,Furu-awa,Furu-awa Rural
Nord-Ouest,NW,Menchum,Furu-awa,Furu-awa Town
Nord-Ouest,NW,Menchum,Menchum Valley,Beba Befang
Nord-Ouest,NW,Menchum,Menchum Valley,Benakuma Town
Nord-Ouest,NW,Menchum,Menchum Valley,Essimbi
Nord-Ouest,NW,Menchum,Wum,Aghem
Nord-Ouest,NW,Menchum,Wum,Bu
Nord-Ouest,NW,Menchum,Wum,Wum Town
Nord-Ouest,NW,Mezam,Bafut,Bafut
Nord-Ouest,NW,Mezam,Bafut,Bafut Rural
Nord-Ouest,NW,Mezam,Bafut,Bafut Town
Nord-Ouest,NW,Mezam,Bafut,Mundum
Nord-Ouest,NW,Mezam,Bali,Bali Nyonga
Nord-Ouest,NW,Mezam,Bali,Bali Town
Nord-Ouest,NW,Mezam,Bali,Bawock
Nord-Ouest,NW,Mezam,Bali,Bossa
Nord-Ouest,NW,Mezam,Bamenda 1,Bamenda Town
Nord-Ouest,NW,Mezam,Bamenda 2,Bamenda Town
Nord-Ouest,NW,Mezam,Bamenda 2,Chomba
Nord-Ouest,NW,Mezam,Bamenda 3,Bamenda Town
Nord-Ouest,NW,Mezam,Santa,Akum
Nord-Ouest,NW,Mezam,Santa,Alahtening
Nord-Ouest,NW,Mezam,Santa,Awing
Nord-Ouest,NW,Mezam,Santa,Baba Ii
Nord-Ouest,NW,Mezam,Santa,Baligham
Nord-Ouest,NW,Mezam,Santa,Bamock
Nord-Ouest,NW,Mezam,Santa,Mbu
Nord-Ouest,NW,Mezam,Santa,Pinyin
Nord-Ouest,NW,Mezam,Santa,Santa Town
Nord-Ouest,NW,Mezam,Santa,Santa Village
Nord-Ouest,NW,Mezam,Tubah,Babanki
Nord-Ouest,NW,Mezam,Tubah,Bambui
Nord-Ouest,NW,Mezam,Tubah,Finge
Nord-Ouest,NW,Mezam,Tubah,Sabga
Nord-Ouest,NW,Mezam,Tubah,Tubah
Nord-Ouest,NW,Mezam,Tubah,Tubah Town
Nord-Ouest,NW,Momo,Batibo,Batibo
Nord-Ouest,NW,Momo,Batibo,Batibo Rural
Nord-Ouest,NW,Momo,Batibo,Batibo Town
Nord-Ouest,NW,Momo,Batibo,Mughamo
Nord-Ouest,NW,Momo,Batibo,Mughomo
Nord-Ouest,NW,Momo,Mbengwi,Mbengwi
Nord-Ouest,NW,Momo,Mbengwi,Mbengwi Town
Nord-Ouest,NW,Momo,Mbengwi,Meta
Nord-Ouest,NW,Momo,Ngie,Mengom
Nord-Ouest,NW,Momo,Ngie,Ngie
Nord-Ouest,NW,Momo,Ngie,Ngie Town
Nord-Ouest,NW,Momo,Njikwa,Ngwo
Nord-Ouest,NW,Momo,Njikwa,Njikwa
Nord-Ouest,NW,Momo,Njikwa,Njikwa Town
Nord-Ouest,NW,Momo,Widikum-menka,Ambelle
Nord-Ouest,NW,Momo,Widikum-menka,Bussam
Nord-Ouest,NW,Momo,Widikum-menka,Menka
Nord-Ouest,NW,Momo,Widikum-menka,Widikum
Nord-Ouest,NW,Momo,Widikum-menka,Widikum Rural
Nord-Ouest,NW,Momo,Widikum-menka,Widikum Town
Nord-Ouest,NW,Momo,Widikum-menka,Widikum-menka Town
Nord-Ouest,NW,Ngo-ketunjia,Babessi,Baba I
Nord-Ouest,NW,Ngo-ketunjia,Babessi,Babessi
Nord-Ouest,NW,Ngo-ketunjia,Babessi,Babessi Town
Nord-Ouest,NW,Ngo-ketunjia,Babessi,Babungo
Nord-Ouest,NW,Ngo-ketunjia,Babessi,Bangolan
Nord-Ouest,NW,Ngo-ketunjia,Balikumbat,Balikumbat Rural
Nord-Ouest,NW,Ngo-ketunjia,Balikumbat,Balikumbat Town
Nord-Ouest,NW,Ngo-ketunjia,Ndop,Bamali
Nord-Ouest,NW,Ngo-ketunjia,Ndop,Bambalang
Nord-Ouest,NW,Ngo-ketunjia,Ndop,Bamessing
Nord-Ouest,NW,Ngo-ketunjia,Ndop,Ndop Town
Ouest,OU,Bamboutos,Babadjou,Babadjou Rural
Ouest,OU,Bamboutos,Babadjou,Babadjou Ville
Ouest,OU,Bamboutos,Batcham,Bamekeing
Ouest,OU,Bamboutos,Batcham,Bamougong
Ouest,OU,Bamboutos,Batcham,Bangang
Ouest,OU,Bamboutos,Batcham,Batcham Rural
Ouest,OU,Bamboutos,Batcham,Batcham Ville
Ouest,OU,Bamboutos,Galim,Bagam
Ouest,OU,Bamboutos,Galim,Bamendji
Ouest,OU,Bamboutos,Galim,Bamenyam
Ouest,OU,Bamboutos,Galim,Bati
Ouest,OU,Bamboutos,Galim,Galim Ville
Ouest,OU,Bamboutos,Mbouda,Balatchi
Ouest,OU,Bamboutos,Mbouda,Bamenkombo
Ouest,OU,Haut-nkam,Bafang,Babone
Ouest,OU,Haut-nkam,Bafang,Baboutcha Nitcheu
Ouest,OU,Haut-nkam,Bafang,Baboutcheu Ngaleu
Ouest,OU,Haut-nkam,Bafang,Bafang Rural
Ouest,OU,Haut-nkam,Bafang,Bafang Ville
Ouest,OU,Haut-nkam,Bafang,Bankondji
Ouest,OU,Haut-nkam,Bafang,Bassap
Ouest,OU,Haut-nkam,Bakou,Baboutcha Fongam
Ouest,OU,Haut-nkam,Bakou,Bakou Fontsinga
Ouest,OU,Haut-nkam,Bakou,Bakou Ville
Ouest,OU,Haut-nkam,Bakou,Balouk
Ouest,OU,Haut-nkam,Bakou,Bankambe
Ouest,OU,Haut-nkam,Bakou,Fondjanti
Ouest,OU,Haut-nkam,Bakou,Fopouanga
Ouest,OU,Haut-nkam,Bakou,Komako
Ouest,OU,Haut-nkam,Bana,Bakassa
Ouest,OU,Haut-nkam,Bana,Bana Rural
Ouest,OU,Haut-nkam,Bana,Bana Ville
Ouest,OU,Haut-nkam,Bana,Bandoumkas
Ouest,OU,Haut-nkam,Bana,Batcha
Ouest,OU,Haut-nkam,Bandja,Babouantou
Ouest,OU,Haut-nkam,Bandja,Bandja Rural
Ouest,OU,Haut-nkam,Bandja,Bandja Ville
Ouest,OU,Haut-nkam,Bandja,Fondanti
Ouest,OU,Haut-nkam,Bandja,Fondjomekwet
Ouest,OU,Haut-nkam,Bandja,Foutouni
Ouest,OU,Haut-nkam,Banka,Banfelouk
Ouest,OU,Haut-nkam,Banka,Banka Rural
Ouest,OU,Haut-nkam,Banka,Banka Ville
Ouest,OU,Haut-nkam,Banka,Fongoli
Ouest,OU,Haut-nkam,Banwa,Banwa Ville
Ouest,OU,Haut-nkam,Banwa,Bapoungue
Ouest,OU,Haut-nkam,Banwa,Fombele
Ouest,OU,Haut-nkam,Banwa,Fomessa 1
Ouest,OU,Haut-nkam,Banwa,Fomessa 2
Ouest,OU,Haut-nkam,Banwa,Fonti
Ouest,OU,Haut-nkam,Banwa,Fotsi
Ouest,OU,Haut-nkam,Banwa,Foyave
Ouest,OU,Haut-nkam,Kekem,Balembo
Ouest,OU,Haut-nkam,Kekem,Bamengwi
Ouest,OU,Haut-nkam,Kekem,Fondjomoko
Ouest,OU,Haut-nkam,Kekem,Fonkouakem
Ouest,OU,Haut-nkam,Kekem,Fonkouankem
Ouest,OU,Haut-nkam,Kekem,Foyemtcha
Ouest,OU,Haut-nkam,Kekem,Foyentcha
Ouest,OU,Haut-nkam,Kekem,Kekem
Ouest,OU,Haut-nkam,Kekem,Kekem Rural
Ouest,OU,Haut-nkam,Kekem,Kekem Ville
Ouest,OU,Haut-nkam,Kekem,Mboebo
Ouest,OU,Haut-plateaux,Baham,Baham Rural
Ouest,OU,Haut-plateaux,Baham,Baham Ville
Ouest,OU,Haut-plateaux,Bamendjou,Bahouan
Ouest,OU,Haut-plateaux,Bamendjou,Bameka
Ouest,OU,Haut-plateaux,Bamendjou,Bamendjou Rural
Ouest,OU,Haut-plateaux,Bamendjou,Bamendjou Ville
Ouest,OU,Haut-plateaux,Bamendjou,Bangam
Ouest,OU,Haut-plateaux,Bangou,Badenkop
Ouest,OU,Haut-plateaux,Bangou,Bangou Rural
Ouest,OU,Haut-plateaux,Bangou,Bangou Ville
Ouest,OU,Haut-plateaux,Bangou,Bapa
Ouest,OU,Haut-plateaux,Batie,Batie Rural
Ouest,OU,Haut-plateaux,Batie,Batie Ville
Ouest,OU,Koung-khi,Bayangam,Bandrefam
Ouest,OU,Koung-khi,Bayangam,Batoufam
Ouest,OU,Koung-khi,Bayangam,Bayangam Rural
Ouest,OU,Koung-khi,Bayangam,Bayangam Ville
Ouest,OU,Koung-khi,Djebem,Babdjoun
Ouest,OU,Koung-khi,Djebem,Bandjoun
Ouest,OU,Koung-khi,Djebem,Bangang-fondji
Ouest,OU,Koung-khi,Djebem,Djebem Ville
Ouest,OU,Koung-khi,Poumougne,Bandjoun Rural
Ouest,OU,Koung-khi,Poumougne,Bandjoun Ville
Ouest,OU,Menoua,Dschang,Dschang Ville
Ouest,OU,Menoua,Dschang,Fongo-ndeng
Ouest,OU,Menoua,Dschang,Foreke-dschang
Ouest,OU,Menoua,Dschang,Fossong-wentcheng
Ouest,OU,Menoua,Dschang,Fotetsa
Ouest,OU,Menoua,Dschang,Foto
Ouest,OU,Menoua,Fokoue,Bamegwou
Ouest,OU,Menoua,Fokoue,Bemegwou
Ouest,OU,Menoua,Fokoue,Fokoue Rural
Ouest,OU,Menoua,Fokoue,Fokoue Ville
Ouest,OU,Menoua,Fokoue,Fomepea
Ouest,OU,Menoua,Fokoue,Fomopea
Ouest,OU,Menoua,Fokoue,Fontsa-touala
Ouest,OU,Menoua,Fokoue,Fotomena
Ouest,OU,Menoua,Fongo-tongo,Fongo-tongo Rural
Ouest,OU,Menoua,Fongo-tongo,Fongo-tongo Ville
Ouest,OU,Menoua,Fongo-tongo,Fossong-ellelem
Ouest,OU,Menoua,Nkong-ni,Bafou
Ouest,OU,Menoua,Nkong-ni,Baleveng
Ouest,OU,Menoua,Nkong-ni,Nkong-ni Ville
Ouest,OU,Menoua,Penka-michel,Balessing
Ouest,OU,Menoua,Penka-michel,Baloum
Ouest,OU,Menoua,Penka-michel,Bamendou
Ouest,OU,Menoua,Penka-michel,Bansoa
Ouest,OU,Menoua,Penka-michel,Penka-michel Ville
Ouest,OU,Menoua,Santchou,Fombap
Ouest,OU,Menoua,Santchou,Fondonera
Ouest,OU,Menoua,Santchou,Santchou Rural
Ouest,OU,Menoua,Santchou,Santchou Ville
Ouest,OU,Mifi,Bafoussam 1,Bafoussam Rural
Ouest,OU,Mifi,Bafoussam 1,Bafoussam Ville
Ouest,OU,Mifi,Bafoussam 2,Bafoussam Ville
Ouest,OU,Mifi,Bafoussam 2,Baleng
Ouest,OU,Mifi,Bafoussam 2,Bandeng
Ouest,OU,Mifi,Bafoussam 2,Bapi
Ouest,OU,Mifi,Bafoussam 3,Bafoussam Ville
Ouest,OU,Mifi,Bafoussam 3,Bamougoum Rural
Ouest,OU,Nde,Bangangte,Bahouoc
Ouest,OU,Nde,Bangangte,Bamena
Ouest,OU,Nde,Bangangte,Bangang Fonkam
Ouest,OU,Nde,Bangangte,Bangangte Rural
Ouest,OU,Nde,Bangangte,Bangangte Ville
Ouest,OU,Nde,Bangangte,Bangoua
Ouest,OU,Nde,Bangangte,Bangoulap
Ouest,OU,Nde,Bangangte,Batchingou
Ouest,OU,Nde,Bassamba,Bassamba Ville
Ouest,OU,Nde,Bazou,Bagnou
Ouest,OU,Nde,Bazou,Bakong
Ouest,OU,Nde,Bazou,Balengou
Ouest,OU,Nde,Bazou,Bamaha
Ouest,OU,Nde,Bazou,Bazou Rural
Ouest,OU,Nde,Bazou,Bazou Ville
Ouest,OU,Nde,Tonga,Bandounga
Ouest,OU,Nde,Tonga,Tonga Ville
Ouest,OU,Noun,Banguourain,Bangourain Ville
Ouest,OU,Noun,Banguourain,Njinka
Ouest,OU,Noun,Banguourain,Njintout
Ouest,OU,Noun,Foumban,Fontain
Ouest,OU,Noun,Foumban,Foumban
Ouest,OU,Noun,Foumban,Foumban Ville
Ouest,OU,Noun,Foumban,Koudoum
Ouest,OU,Noun,Foumban,Mambain
Ouest,OU,Noun,Foumban,Mayap
Ouest,OU,Noun,Foumban,Njinka
Ouest,OU,Noun,Foumban,Njintout
Ouest,OU,Noun,Foumbot,Foumbot
Ouest,OU,Noun,Foumbot,Foumbot Rural
Ouest,OU,Noun,Foumbot,Foumbot Ville
Ouest,OU,Noun,Foumbot,Mambain
Ouest,OU,Noun,Foumbot,Mangoum Rive Gauche Noun
Ouest,OU,Noun,Kouoptamo,Kouoptamo Ville
Ouest,OU,Noun,Kouoptamo,Koupara
Ouest,OU,Noun,Kouoptamo,Ngouenjingoumbe
Ouest,OU,Noun,Kouoptamo,Ngouenjitapon
Ouest,OU,Noun,Kouoptamo,Ngouennjitapon
Ouest,OU,Noun,Koutaba,Koudoum
Ouest,OU,Noun,Koutaba,Koundoum
Ouest,OU,Noun,Koutaba,Kounga
Ouest,OU,Noun,Koutaba,Koutaba Ville
Ouest,OU,Noun,Magba,Magba Tikar
Ouest,OU,Noun,Magba,Magba Ville
Ouest,OU,Noun,Magba,Manka Magba
Ouest,OU,Noun,Malantouen,Fantain
Ouest,OU,Noun,Malantouen,Fontain
Ouest,OU,Noun,Malantouen,Malentouen Ville
Ouest,OU,Noun,Malantouen,Mamtoum
Ouest,OU,Noun,Malantouen,Mantoum
Ouest,OU,Noun,Malantouen,Nkoundoum - Est
Ouest,OU,Noun,Malantouen,Nkoundoum-est
Ouest,OU,Noun,Massagam,Foyouom
Ouest,OU,Noun,Massagam,Mambain
Ouest,OU,Noun,Massagam,Massangam
Ouest,OU,Noun,Njimom,Mayap
Ouest,OU,Noun,Njimom,Njinka
Sud,SU,Dja Et Lobo,Bengbis,Bengbis Ville
Sud,SU,Dja Et Lobo,Bengbis,Bulu Du Dja
Sud,SU,Dja Et Lobo,Bengbis,Makae
Sud,SU,Dja Et Lobo,Bengbis,Mekae
Sud,SU,Dja Et Lobo,Bengbis,Yekombo
Sud,SU,Dja Et Lobo,Bengbis,Yetyang
Sud,SU,Dja Et Lobo,Djoum,Boulou
Sud,SU,Dja Et Lobo,Djoum,Djoum Ville
Sud,SU,Dja Et Lobo,Djoum,Fang-sud
Sud,SU,Dja Et Lobo,Djoum,Zamane
Sud,SU,Dja Et Lobo,Meyomesala,Messok
Sud,SU,Dja Et Lobo,Meyomesala,Meyomessala Ville
Sud,SU,Dja Et Lobo,Meyomesala,Ndou-libi
Sud,SU,Dja Et Lobo,Meyomesala,Tekmo
Sud,SU,Dja Et Lobo,Meyomesala,Yemvam Yassaman
Sud,SU,Dja Et Lobo,Meyomesala,Yemvam-yassaman
Sud,SU,Dja Et Lobo,Meyomessi,Meyomessi
Sud,SU,Dja Et Lobo,Meyomessi,Ndong
Sud,SU,Dja Et Lobo,Meyomessi,Yemfek
Sud,SU,Dja Et Lobo,Meyomessi,Yemveng
Sud,SU,Dja Et Lobo,Mintom,Dja Et Lele
Sud,SU,Dja Et Lobo,Mintom,Mintom Ville
Sud,SU,Dja Et Lobo,Oveng,Fang Sud
Sud,SU,Dja Et Lobo,Oveng,Oveng Ville
Sud,SU,Dja Et Lobo,Sangmelima,Afamba-libi
Sud,SU,Dja Et Lobo,Sangmelima,Mepho
Sud,SU,Dja Et Lobo,Sangmelima,Ndou Libi
Sud,SU,Dja Et Lobo,Sangmelima,Nlobo Lobo
Sud,SU,Dja Et Lobo,Sangmelima,Sangmelima Ville
Sud,SU,Dja Et Lobo,Sangmelima,Tekmo
Sud,SU,Dja Et Lobo,Zoetelle,Esse
Sud,SU,Dja Et Lobo,Zoetelle,Mvog Ella
Sud,SU,Dja Et Lobo,Zoetelle,Mvog Mezang
Sud,SU,Dja Et Lobo,Zoetelle,Mvog Zang
Sud,SU,Dja Et Lobo,Zoetelle,Mvog Zomo
Sud,SU,Dja Et Lobo,Zoetelle,Yemfek
Sud,SU,Dja Et Lobo,Zoetelle,Yenfek
Sud,SU,Dja Et Lobo,Zoetelle,Zoetele Ville
Sud,SU,Mvilla,Biwong Bane,Biwong-bane Ville
Sud,SU,Mvilla,Biwong Bane,Melangue Nord
Sud,SU,Mvilla,Biwong Bane,Melangue Sud 1
Sud,SU,Mvilla,Biwong Bane,Melangue Sud 2
Sud,SU,Mvilla,Biwong Bulu,Biwong Bulu Ville
Sud,SU,Mvilla,Biwong Bulu,Enguep-anyu
Sud,SU,Mvilla,Biwong Bulu,Mbilbekone
Sud,SU,Mvilla,Biwong Bulu,Mbilbekono
Sud,SU,Mvilla,Biwong Bulu,Mbilbokone
Sud,SU,Mvilla,Ebolowa 1,Ebolowa Ville
Sud,SU,Mvilla,Ebolowa 1,Mekoto Djaman 1
Sud,SU,Mvilla,Ebolowa 1,Ngoto 1
Sud,SU,Mvilla,Ebolowa 1,Sonkot Minkan
Sud,SU,Mvilla,Ebolowa 2,Bulu-sud
Sud,SU,Mvilla,Ebolowa 2,Ebolowa Ville
Sud,SU,Mvilla,Ebolowa 2,Ebomam 1
Sud,SU,Mvilla,Ebolowa 2,Ebomam 2
Sud,SU,Mvilla,Ebolowa 2,Enguep-anyu
Sud,SU,Mvilla,Ebolowa 2,Mvii Nord 1
Sud,SU,Mvilla,Ebolowa 2,Ngoto 2
Sud,SU,Mvilla,Efoulane,Efoulan Ville
Sud,SU,Mvilla,Efoulane,Mekoto Djaman 2
Sud,SU,Mvilla,Efoulane,Mekoto Djaman 3
Sud,SU,Mvilla,Efoulane,Mekoto Djaman I
Sud,SU,Mvilla,Efoulane,Ngonebok-abo'ontomba
Sud,SU,Mvilla,Mengong,Boulou Nord
Sud,SU,Mvilla,Mengong,Boulou-nord
Sud,SU,Mvilla,Mengong,Fale 1
Sud,SU,Mvilla,Mengong,Fale 2
Sud,SU,Mvilla,Mengong,Mengong Ville
Sud,SU,Mvilla,Mengong,Mvi'i Nord 2
Sud,SU,Mvilla,Mengong,Mvi'i Sud
Sud,SU,Mvilla,Mvangane,Bulu Est
Sud,SU,Mvilla,Mvangane,Bulu Fang
Sud,SU,Mvilla,Mvangane,Mvangan Ville
Sud,SU,Mvilla,Ngoulemakong,Bane Centre
Sud,SU,Mvilla,Ngoulemakong,Bane Ouest
Sud,SU,Mvilla,Ngoulemakong,Fong
Sud,SU,Mvilla,Ngoulemakong,Ngoulemakong Ville
Sud,SU,Ocean,Akom 2,Akom 2 Ville
Sud,SU,Ocean,Akom 2,Boulou-centre
Sud,SU,Ocean,Akom 2,Boulou-nord
Sud,SU,Ocean,Bipindi,Bassa
Sud,SU,Ocean,Bipindi,Bipindi Ville
Sud,SU,Ocean,Bipindi,Evouzock
Sud,SU,Ocean,Bipindi,Ngoumba Fang
Sud,SU,Ocean,Bipindi,Ngoumba Sud
Sud,SU,Ocean,Bipindi,Ngoumba-fang
Sud,SU,Ocean,Bipindi,Ngoumba-sud
Sud,SU,Ocean,Campo,Campo Ville
Sud,SU,Ocean,Campo,Mvae
Sud,SU,Ocean,Campo,Yassa
Sud,SU,Ocean,Kribi 1,Batanga Sud
Sud,SU,Ocean,Kribi 1,Kribi Ville
Sud,SU,Ocean,Kribi 1,Mabi Sud
Sud,SU,Ocean,Kribi 2,Batanga-nord
Sud,SU,Ocean,Kribi 2,Kribi Ville
Sud,SU,Ocean,Kribi 2,Mabi-pfierbouri
Sud,SU,Ocean,Lokoundje,Bakoko Bassa
Sud,SU,Ocean,Lokoundje,Batanga-nord
Sud,SU,Ocean,Lokoundje,Evouzok-ewondo
Sud,SU,Ocean,Lokoundje,Fang-ngoumba
Sud,SU,Ocean,Lokoundje,Lokoundje Ville
Sud,SU,Ocean,Lokoundje,Mabi-sud
Sud,SU,Ocean,Lolodorf,Fang
Sud,SU,Ocean,Lolodorf,Lolodorf Ville
Sud,SU,Ocean,Lolodorf,Ngoue
Sud,SU,Ocean,Lolodorf,Ngoumba Centre
Sud,SU,Ocean,Lolodorf,Ngoumba-sud
Sud,SU,Ocean,Mvengue,Enoah-yanda-centre
Sud,SU,Ocean,Mvengue,Enoah-yanda-nord
Sud,SU,Ocean,Mvengue,Enoah-yanda-ouest
Sud,SU,Ocean,Mvengue,Evouzok (yanda Nord)
Sud,SU,Ocean,Mvengue,Mvengue Ville
Sud,SU,Ocean,Mvengue,Mvog-tsoung-mballa
Sud,SU,Ocean,Nyete,Boulou Sud
Sud,SU,Ocean,Nyete,Nyete Ville
Sud,SU,Vallee Du Ntem,Ambam,Ambam Ville
Sud,SU,Vallee Du Ntem,Ambam,Mvae Est
Sud,SU,Vallee Du Ntem,Ambam,Mvae Nord
Sud,SU,Vallee Du Ntem,Ambam,Ntoumou Est
Sud,SU,Vallee Du Ntem,Ambam,Ntoumou Nord
Sud,SU,Vallee Du Ntem,Ambam,Ntoumou Sud
Sud,SU,Vallee Du Ntem,Kye-ossi,Kye Ossi Ville
Sud,SU,Vallee Du Ntem,Kye-ossi,Ntoumou Sud 1
Sud,SU,Vallee Du Ntem,Kye-ossi,Ntoumou Sud 2
Sud,SU,Vallee Du Ntem,Ma'an,Aloum 2
Sud,SU,Vallee Du Ntem,Ma'an,Boucle Du Ntem 1
Sud,SU,Vallee Du Ntem,Ma'an,Ma'an Ville
Sud,SU,Vallee Du Ntem,Ma'an,Mvae Ouest
Sud,SU,Vallee Du Ntem,Ma'an,Ntoumou Centre
Sud,SU,Vallee Du Ntem,Olamze,Ntoumou Sud
Sud,SU,Vallee Du Ntem,Olamze,Olamze Ville
Sud-Ouest,SW,Fako,Buea,Bojongo
Sud-Ouest,SW,Fako,Buea,Buea Rural
Sud-Ouest,SW,Fako,Buea,Buea Town
Sud-Ouest,SW,Fako,Buea,Muea
Sud-Ouest,SW,Fako,Limbe 1,Limbe I Rural (victoria Town)
Sud-Ouest,SW,Fako,Limbe 1,Limbe I Rural(victoria Town)
Sud-Ouest,SW,Fako,Limbe 1,Limbe Town
Sud-Ouest,SW,Fako,Limbe 2,Limbe 2 Chiefdom
Sud-Ouest,SW,Fako,Limbe 2,Limbe Ii Rural ( Victoria Town)
Sud-Ouest,SW,Fako,Limbe 2,Limbe Town
Sud-Ouest,SW,Fako,Limbe 3,Limbe Iii Rural(victoria Town)
Sud-Ouest,SW,Fako,Limbe 3,Limbe Town
Sud-Ouest,SW,Fako,Muyuka,Ekona Rural
Sud-Ouest,SW,Fako,Muyuka,Ekona Town
Sud-Ouest,SW,Fako,Muyuka,Muyuka Rural
Sud-Ouest,SW,Fako,Muyuka,Muyuka Town
Sud-Ouest,SW,Fako,Tiko,Likomba
Sud-Ouest,SW,Fako,Tiko,Missellele
Sud-Ouest,SW,Fako,Tiko,Mondoni
Sud-Ouest,SW,Fako,Tiko,Mongo Island
Sud-Ouest,SW,Fako,Tiko,Mudeka
Sud-Ouest,SW,Fako,Tiko,Mutengene Town
Sud-Ouest,SW,Fako,Tiko,Tiko Rural
Sud-Ouest,SW,Fako,Tiko,Tiko Town
Sud-Ouest,SW,Fako,West-coast,Idenau West Coast
Sud-Ouest,SW,Fako,West-coast,West Coast Chiefdom
Sud-Ouest,SW,Fako,West-coast,West Coast Town
Sud-Ouest,SW,Fako,West-coast,West-caost Chiefdom
Sud-Ouest,SW,Fako,West-coast,West-coast Chiefdom
Sud-Ouest,SW,Kupe Manengumba,Banguem,Bangem Rural
Sud-Ouest,SW,Kupe Manengumba,Banguem,Bangem Town
Sud-Ouest,SW,Kupe Manengumba,Banguem,Enyandong
Sud-Ouest,SW,Kupe Manengumba,Nguti,Fowung
Sud-Ouest,SW,Kupe Manengumba,Nguti,Manyemen
Sud-Ouest,SW,Kupe Manengumba,Nguti,Mungo Ndor
Sud-Ouest,SW,Kupe Manengumba,Nguti,Nguti Rural
Sud-Ouest,SW,Kupe Manengumba,Nguti,Nguti Town
Sud-Ouest,SW,Kupe Manengumba,Tombel,Mekedmbeng
Sud-Ouest,SW,Kupe Manengumba,Tombel,Nyandong
Sud-Ouest,SW,Kupe Manengumba,Tombel,Tombel I
Sud-Ouest,SW,Kupe Manengumba,Tombel,Tombel Ii
Sud-Ouest,SW,Lebialem,Alou,Alou Rural
Sud-Ouest,SW,Lebialem,Alou,Alou Town
Sud-Ouest,SW,Lebialem,Fontem,Fontem Rural
Sud-Ouest,SW,Lebialem,Fontem,Fontem Town
Sud-Ouest,SW,Lebialem,Fontem,Fontemss
Sud-Ouest,SW,Lebialem,Fontem,Fotem
Sud-Ouest,SW,Lebialem,Wabane,Bechati
Sud-Ouest,SW,Lebialem,Wabane,Wabane Rural (bamumbu)
Sud-Ouest,SW,Lebialem,Wabane,Wabane Town
Sud-Ouest,SW,Manyu,Akwaya,Akwaya
Sud-Ouest,SW,Manyu,Akwaya,Akwaya Central
Sud-Ouest,SW,Manyu,Akwaya,Assumbo
Sud-Ouest,SW,Manyu,Akwaya,Boki
Sud-Ouest,SW,Manyu,Akwaya,Mbulu
Sud-Ouest,SW,Manyu,Akwaya,Messaka Ekol
Sud-Ouest,SW,Manyu,Akwaya,Takamanda
Sud-Ouest,SW,Manyu,Eyumodjok,Bawan
Sud-Ouest,SW,Manyu,Eyumodjok,Central Ejagham
Sud-Ouest,SW,Manyu,Eyumodjok,Eyumodjock
Sud-Ouest,SW,Manyu,Eyumodjok,Eyumojock
Sud-Ouest,SW,Manyu,Eyumodjok,Lower Ejagham
Sud-Ouest,SW,Manyu,Eyumodjok,Mbinda
Sud-Ouest,SW,Manyu,Eyumodjok,Obang
Sud-Ouest,SW,Manyu,Eyumodjok,Upper Ejagham
Sud-Ouest,SW,Manyu,Manfe,Mamfe
Sud-Ouest,SW,Manyu,Manfe,Mamfe Central
Sud-Ouest,SW,Manyu,Manfe,Mamfe Town
Sud-Ouest,SW,Manyu,Upper Bayang,Awanchi
Sud-Ouest,SW,Manyu,Upper Bayang,Betieku
Sud-Ouest,SW,Manyu,Upper Bayang,Debenjui
Sud-Ouest,SW,Manyu,Upper Bayang,Mbang
Sud-Ouest,SW,Manyu,Upper Bayang,Nchoumbire
Sud-Ouest,SW,Manyu,Upper Bayang,Ndifaw
Sud-Ouest,SW,Manyu,Upper Bayang,Nkocknock
Sud-Ouest,SW,Manyu,Upper Bayang,Nkocknock 1
Sud-Ouest,SW,Manyu,Upper Bayang,Nkocknock 2
Sud-Ouest,SW,Manyu,Upper Bayang,Tanyikongho
Sud-Ouest,SW,Manyu,Upper Bayang,Tanyinkongho
Sud-Ouest,SW,Manyu,Upper Bayang,Tanyinkonghoh
Sud-Ouest,SW,Manyu,Upper Bayang,Tayong
Sud-Ouest,SW,Manyu,Upper Bayang,Tinto
Sud-Ouest,SW,Meme,Konye,Konye
Sud-Ouest,SW,Meme,Konye,Matondo Ii
Sud-Ouest,SW,Meme,Kumba 1,Barombi Mbo
Sud-Ouest,SW,Meme,Kumba 1,Kake 2
Sud-Ouest,SW,Meme,Kumba 1,Kumba Town
Sud-Ouest,SW,Meme,Kumba 2,Kumba 2
Sud-Ouest,SW,Meme,Kumba 3,Kumba 3
Sud-Ouest,SW,Meme,Kumba 3,Kumba Three
Sud-Ouest,SW,Meme,Kumba 3,Kumba Threr
Sud-Ouest,SW,Meme,Kumba 3,Kumva Three
Sud-Ouest,SW,Meme,Kumba 3,Malende
Sud-Ouest,SW,Meme,Kumba 3,Mambanda
Sud-Ouest,SW,Meme,Kumba 3,Mukonje
Sud-Ouest,SW,Meme,Mbonge,Bafaw
Sud-Ouest,SW,Meme,Mbonge,Bai Kuke
Sud-Ouest,SW,Meme,Mbonge,Balong
Sud-Ouest,SW,Meme,Mbonge,Bokosso Bomboko
Sud-Ouest,SW,Meme,Mbonge,Bomboko
Sud-Ouest,SW,Meme,Mbonge,Mbonge
Sud-Ouest,SW,Meme,Mbonge,Mbonge Marumba
Sud-Ouest,SW,Ndian,Bamus O,Bakole
Sud-Ouest,SW,Ndian,Bamus O,Balondo
Sud-Ouest,SW,Ndian,Bamus O,Bamusso
Sud-Ouest,SW,Ndian,Bamus O,Bamusso Town
Sud-Ouest,SW,Ndian,Bamus O,Barombi
Sud-Ouest,SW,Ndian,Bamus O,Bassengue
Sud-Ouest,SW,Ndian,Bamus O,Big Belle
Sud-Ouest,SW,Ndian,Bamus O,Boma I Kombo
Sud-Ouest,SW,Ndian,Bamus O,Bonjare
Sud-Ouest,SW,Ndian,Bamus O,Ekombe
Sud-Ouest,SW,Ndian,Bamus O,Ekombe Liongo
Sud-Ouest,SW,Ndian,Bamus O,Kombo-a-mokoko
Sud-Ouest,SW,Ndian,Bamus O,Pecherie
Sud-Ouest,SW,Ndian,Bamus O,Pècherie
Sud-Ouest,SW,Ndian,Dikome Balue,Betenge
Sud-Ouest,SW,Ndian,Dikome Balue,Dikome Balue
Sud-Ouest,SW,Ndian,Dikome Balue,Dikome Town
Sud-Ouest,SW,Ndian,Ekondo Titi,Eko Do Titi
Sud-Ouest,SW,Ndian,Ekondo Titi,Ekondo Titi
Sud-Ouest,SW,Ndian,Ekondo Titi,Ekondo Titi
Sud-Ouest,SW,Ndian,Ekondo Titi,Ekondo Titi Town
Sud-Ouest,SW,Ndian,Idabato,Idabato
Sud-Ouest,SW,Ndian,Idabato,Idabato Town
Sud-Ouest,SW,Ndian,Isanguele,Isangele
Sud-Ouest,SW,Ndian,Isanguele,Isangele Town
Sud-Ouest,SW,Ndian,Kombo Abedimo,Akwa
Sud-Ouest,SW,Ndian,Kombo Abedimo,Kombo Abedimo
Sud-Ouest,SW,Ndian,Kombo Abedimo,Kumbo Abedimo
Sud-Ouest,SW,Ndian,Kombo Etindi,Kombo Itindi
Sud-Ouest,SW,Ndian,Mundemba,Manja
Sud-Ouest,SW,Ndian,Mundemba,Matamani
Sud-Ouest,SW,Ndian,Mundemba,Mundemba
Sud-Ouest,SW,Ndian,Mundemba,Mundemba Town
Sud-Ouest,SW,Ndian,Mundemba,Mundenba
Sud-Ouest,SW,Ndian,Toko,Toko
Sud-Ouest,SW,Ndian,Toko,Toko Town
